week-date,brand,mm-subchannel,channel,subchannel,report-channel,campaign,partner,tactic,spend,impressions,clicks,sales,total-sales-week
12/30/2024,TROPICAL SMOOTHIE CAFE,brand,SEM,BRAND,SEM,Brand Search,Google,GROW,976.81,77365,29062,0,373669.0924
12/30/2024,TROPICAL SMOOTHIE CAFE,nonbrand,SEM,COMPETITOR,SEM,Nonbrand Search,Google,PROSPECT,0,13,0,0,373669.0924
12/30/2024,TROPICAL SMOOTHIE CAFE,nonbrand,SEM,NONBRAND,SEM,Nonbrand Search,Google,PROSPECT,711.62,21873,1963,38033.46236,373669.0924
12/30/2024,TROPICAL SMOOTHIE CAFE,pmax,SEM,PMAX,SEM,PMAX Revenue,Google,PROSPECT,622.65,60195,3304,7360.207549,373669.0924
12/30/2024,TROPICAL SMOOTHIE CAFE,pmax,SEM,PMAX,SEM,PMAX Store Visits,Google,PROSPECT,3541.73,3227736,9816,21866.76673,373669.0924
1/6/2025,TROPICAL SMOOTHIE CAFE,brand,SEM,BRAND,SEM,Brand Search,Google,GROW,1034.57,86517,33756,0,752147.1913
1/6/2025,TROPICAL SMOOTHIE CAFE,nonbrand,SEM,COMPETITOR,SEM,Nonbrand Search,Google,PROSPECT,0,8,0,0,752147.1913
1/6/2025,TROPICAL SMOOTHIE CAFE,nonbrand,SEM,NONBRAND,SEM,Nonbrand Search,Google,PROSPECT,858.7,24680,2476,31735.40027,752147.1913
1/6/2025,TROPICAL SMOOTHIE CAFE,pmax,SEM,PMAX,SEM,PMAX Revenue,Google,PROSPECT,834.44,70780,4239,11590.84024,752147.1913
1/6/2025,TROPICAL SMOOTHIE CAFE,pmax,SEM,PMAX,SEM,PMAX Store Visits,Google,PROSPECT,8073.44,6375055,14413,39409.95054,752147.1913
1/13/2025,TROPICAL SMOOTHIE CAFE,brand,SEM,BRAND,SEM,Brand Search,Google,GROW,1342.47,98314,39899,0,1144878.736
1/13/2025,TROPICAL SMOOTHIE CAFE,nonbrand,SEM,COMPETITOR,SEM,Nonbrand Search,Google,PROSPECT,0,29,0,0,1144878.736
1/13/2025,TROPICAL SMOOTHIE CAFE,nonbrand,SEM,NONBRAND,SEM,Nonbrand Search,Google,PROSPECT,1118.6,28692,2656,46779.42269,1144878.736
1/13/2025,TROPICAL SMOOTHIE CAFE,pmax,SEM,PMAX,SEM,PMAX Revenue,Google,PROSPECT,2128.78,141924,5326,19321.33141,1144878.736
1/13/2025,TROPICAL SMOOTHIE CAFE,pmax,SEM,PMAX,SEM,PMAX Store Visits,Google,PROSPECT,12259.86,9546795,16494,59835.90691,1144878.736
1/20/2025,TROPICAL SMOOTHIE CAFE,brand,SEM,BRAND,SEM,Brand Search,Google,GROW,6278.44,207670,70479,0,1343659.889
1/20/2025,TROPICAL SMOOTHIE CAFE,nonbrand,SEM,COMPETITOR,SEM,Nonbrand Search,Google,PROSPECT,117.91,981,24,396.7239188,1343659.889
1/20/2025,TROPICAL SMOOTHIE CAFE,nonbrand,SEM,NONBRAND,SEM,Nonbrand Search,Google,PROSPECT,9623.99,216950,6231,102999.4474,1343659.889
1/20/2025,TROPICAL SMOOTHIE CAFE,pmax,SEM,PMAX,SEM,PMAX Revenue,Google,PROSPECT,3604.15,203399,5023,20174.38314,1343659.889
1/20/2025,TROPICAL SMOOTHIE CAFE,pmax,SEM,PMAX,SEM,PMAX Store Visits,Google,PROSPECT,16156.32,10927926,19415,77978.42895,1343659.889
1/27/2025,TROPICAL SMOOTHIE CAFE,brand,SEM,BRAND,SEM,Brand Search,Google,GROW,24224.29,332688,127881,0,1459826.509
1/27/2025,TROPICAL SMOOTHIE CAFE,nonbrand,SEM,COMPETITOR,SEM,Nonbrand Search,Google,PROSPECT,315.14,2662,92,1232.004649,1459826.509
1/27/2025,TROPICAL SMOOTHIE CAFE,nonbrand,SEM,NONBRAND,SEM,Nonbrand Search,Google,PROSPECT,17965.56,243958,10557,141372.5334,1459826.509
1/27/2025,TROPICAL SMOOTHIE CAFE,pmax,SEM,PMAX,SEM,PMAX Revenue,Google,PROSPECT,3627.39,263133,5805,24002.24951,1459826.509
1/27/2025,TROPICAL SMOOTHIE CAFE,pmax,SEM,PMAX,SEM,PMAX Store Visits,Google,PROSPECT,20655.48,13292592,23257,96161.98397,1459826.509
2/3/2025,TROPICAL SMOOTHIE CAFE,brand,SEM,BRAND,SEM,Brand Search,Google,GROW,33744.14,549270,135738,0,3582574.068
2/3/2025,TROPICAL SMOOTHIE CAFE,nonbrand,SEM,COMPETITOR,SEM,Nonbrand Search,Google,PROSPECT,187.46,636,35,735.301665,3582574.068
2/3/2025,TROPICAL SMOOTHIE CAFE,nonbrand,SEM,NONBRAND,SEM,Nonbrand Search,Google,PROSPECT,12037.98,259955,9020,189497.7434,3582574.068
2/3/2025,TROPICAL SMOOTHIE CAFE,pmax,SEM,PMAX,SEM,PMAX Revenue,Google,PROSPECT,4433.23,289407,5522,25462.18296,3582574.068
2/3/2025,TROPICAL SMOOTHIE CAFE,pmax,SEM,PMAX,SEM,PMAX Store Visits,Google,PROSPECT,22079.19,13950322,23148,106736.4381,3582574.068
2/10/2025,TROPICAL SMOOTHIE CAFE,brand,SEM,BRAND,SEM,Brand Search,Google,GROW,40266.29,408899,117470,0,2248293.506
2/10/2025,TROPICAL SMOOTHIE CAFE,nonbrand,SEM,COMPETITOR,SEM,Nonbrand Search,Google,PROSPECT,169.29,1293,52,1138.795912,2248293.506
2/10/2025,TROPICAL SMOOTHIE CAFE,nonbrand,SEM,NONBRAND,SEM,Nonbrand Search,Google,PROSPECT,11106.73,198832,7856,172045.7824,2248293.506
2/10/2025,TROPICAL SMOOTHIE CAFE,pmax,SEM,PMAX,SEM,PMAX Revenue,Google,PROSPECT,4539.83,268443,4522,22896.49833,2248293.506
2/10/2025,TROPICAL SMOOTHIE CAFE,pmax,SEM,PMAX,SEM,PMAX Store Visits,Google,PROSPECT,21528.56,14783575,23439,118680.0142,2248293.506
2/17/2025,TROPICAL SMOOTHIE CAFE,brand,SEM,BRAND,SEM,Brand Search,Google,GROW,47155.23,599885,145096,0,3114199.859
2/17/2025,TROPICAL SMOOTHIE CAFE,nonbrand,SEM,COMPETITOR,SEM,Nonbrand Search,Google,PROSPECT,220.56,2076,114,3044.931464,3114199.859
2/17/2025,TROPICAL SMOOTHIE CAFE,nonbrand,SEM,NONBRAND,SEM,Nonbrand Search,Google,PROSPECT,9444.68,110427,6590,176018.4066,3114199.859
2/17/2025,TROPICAL SMOOTHIE CAFE,olv,DIGITAL,OLV,VIDEO,PROMO 1 - GENERAL,Hx,SKIPPABLE,0,104,61,70986.67995,3114199.859
2/17/2025,TROPICAL SMOOTHIE CAFE,pmax,SEM,PMAX,SEM,PMAX Revenue,Google,PROSPECT,4128.51,255820,5472,27173.48154,3114199.859
2/17/2025,TROPICAL SMOOTHIE CAFE,pmax,SEM,PMAX,SEM,PMAX Store Visits,Google,PROSPECT,16943.95,11681642,19732,97987.41552,3114199.859
2/17/2025,TROPICAL SMOOTHIE CAFE,standard display,DIGITAL,STANDARD DISPLAY,DISPLAY,PROMO 1 - GENERAL,Hx,STANDARD DISPLAY,0,15,4,22100.75097,3114199.859
2/17/2025,TROPICAL SMOOTHIE CAFE,standard display,DIGITAL,STANDARD DISPLAY,DISPLAY,PROMO 1 - MML,Warner Bros Discovery,STANDARD DISPLAY,0.846143412,36,7,38676.31421,3114199.859
2/24/2025,TROPICAL SMOOTHIE CAFE,brand,SEM,BRAND,SEM,Brand Search,Google,GROW,28254.79,371281,139458,38087.79018,24095532.27
2/24/2025,TROPICAL SMOOTHIE CAFE,nonbrand,SEM,COMPETITOR,SEM,Nonbrand Search,Google,PROSPECT,152.43,2072,102,1442.326226,24095532.27
2/24/2025,TROPICAL SMOOTHIE CAFE,nonbrand,SEM,NONBRAND,SEM,Nonbrand Search,Google,PROSPECT,3222.45,45069,4208,59503.02708,24095532.27
2/24/2025,TROPICAL SMOOTHIE CAFE,olv,DIGITAL,OLV,VIDEO,PROMO 1 - GENERAL,Hx,SKIPPABLE,49139.15239,7842930,3984,168739.2599,24095532.27
2/24/2025,TROPICAL SMOOTHIE CAFE,pmax,SEM,PMAX,SEM,PMAX Revenue,Google,PROSPECT,4916.52,699185,33482,43248.22315,24095532.27
2/24/2025,TROPICAL SMOOTHIE CAFE,pmax,SEM,PMAX,SEM,PMAX Store Visits,Google,PROSPECT,3199.06,2528540,16319,21079.02017,24095532.27
2/24/2025,TROPICAL SMOOTHIE CAFE,social,SOCIAL,SOCIAL,SOCIAL,PROMO 1 - 1P,Meta,STANDARD,28089.03,7703340,7879,167137.2066,24095532.27
2/24/2025,TROPICAL SMOOTHIE CAFE,social,SOCIAL,SOCIAL,SOCIAL,PROMO 1 - IN-FEED,TikTok,IN-FEED,66955.92,24967855,37580,722002.3001,24095532.27
2/24/2025,TROPICAL SMOOTHIE CAFE,social,SOCIAL,SOCIAL,SOCIAL,PROMO 1 - PROSPECTING,Meta,STANDARD,92048.64,36500729,23757,719100.9973,24095532.27
2/24/2025,TROPICAL SMOOTHIE CAFE,social,SOCIAL,SOCIAL,SOCIAL,PROMO 1 - RETARGETING,Meta,STANDARD,9218.2,921626,3764,83815.41428,24095532.27
2/24/2025,TROPICAL SMOOTHIE CAFE,social,SOCIAL,SOCIAL,SOCIAL,PROMO 1 - SNAP ADS,Snapchat,SNAP ADS,43770.07,4397360,6381,75464.92828,24095532.27
2/24/2025,TROPICAL SMOOTHIE CAFE,standard display,DIGITAL,STANDARD DISPLAY,DISPLAY,PROMO 1 - GENERAL,Hx,STANDARD DISPLAY,18466.39181,3926944,1884,62119.23661,24095532.27
2/24/2025,TROPICAL SMOOTHIE CAFE,standard display,DIGITAL,STANDARD DISPLAY,DISPLAY,PROMO 1 - MML,Warner Bros Discovery,STANDARD DISPLAY,11090.91642,469481,208,6858.174744,24095532.27
3/3/2025,TROPICAL SMOOTHIE CAFE,brand,SEM,BRAND,SEM,Brand Search,Google,GROW,13937.96,445575,149050,57055.68919,17822592.96
3/3/2025,TROPICAL SMOOTHIE CAFE,ctv,DIGITAL,CTV,VIDEO,PROMO 1 - GENERAL,Sightly,YOUTUBE SELECT,52571.19541,3548759,3528,98589.24835,17822592.96
3/3/2025,TROPICAL SMOOTHIE CAFE,ctv,DIGITAL,CTV,VIDEO,PROMO 1 - GENERAL,Sightly,YOUTUBE TV,60507.73986,1940564,40,131861.8861,17822592.96
3/3/2025,TROPICAL SMOOTHIE CAFE,nonbrand,SEM,COMPETITOR,SEM,Nonbrand Search,Google,PROSPECT,3.64,89,2,19.77076803,17822592.96
3/3/2025,TROPICAL SMOOTHIE CAFE,nonbrand,SEM,NONBRAND,SEM,Nonbrand Search,Google,PROSPECT,574.21,18228,2183,21579.79331,17822592.96
3/3/2025,TROPICAL SMOOTHIE CAFE,olv,DIGITAL,OLV,VIDEO,PROMO 1 - GENERAL,Hx,SKIPPABLE,47729.69348,7053852,3208,141116.2911,17822592.96
3/3/2025,TROPICAL SMOOTHIE CAFE,olv,DIGITAL,OLV,VIDEO,PROMO 1 - GENERAL,Sightly,BUMPER,8867.284136,1620518,57,31388.59712,17822592.96
3/3/2025,TROPICAL SMOOTHIE CAFE,olv,DIGITAL,OLV,VIDEO,PROMO 1 - GENERAL,Sightly,NON-SKIP,32294.45756,3376218,232,66530.82032,17822592.96
3/3/2025,TROPICAL SMOOTHIE CAFE,olv,DIGITAL,OLV,VIDEO,PROMO 1 - GENERAL,Sightly,SKIPPABLE,81276.25379,5416253,1761,111565.6357,17822592.96
3/3/2025,TROPICAL SMOOTHIE CAFE,olv,DIGITAL,OLV,VIDEO,PROMO 1 - GENERAL,Sightly,YOUTUBE SHORTS,9588.948027,2296467,2131,45026.72538,17822592.96
3/3/2025,TROPICAL SMOOTHIE CAFE,pmax,SEM,PMAX,SEM,PMAX Revenue,Google,PROSPECT,9250.78,1042716,20486,50873.7485,17822592.96
3/3/2025,TROPICAL SMOOTHIE CAFE,pmax,SEM,PMAX,SEM,PMAX Store Visits,Google,PROSPECT,13525.29,10043050,16902,41973.45002,17822592.96
3/3/2025,TROPICAL SMOOTHIE CAFE,social,SOCIAL,SOCIAL,SOCIAL,PROMO 1 - 1P,Meta,STANDARD,29233.27,7355605,8915,203883.7051,17822592.96
3/3/2025,TROPICAL SMOOTHIE CAFE,social,SOCIAL,SOCIAL,SOCIAL,PROMO 1 - IN-FEED,TikTok,IN-FEED,70243.05,23840591,35363,797374.3679,17822592.96
3/3/2025,TROPICAL SMOOTHIE CAFE,social,SOCIAL,SOCIAL,SOCIAL,PROMO 1 - PROSPECTING,Meta,STANDARD,97694.87,38075714,27458,819389.9317,17822592.96
3/3/2025,TROPICAL SMOOTHIE CAFE,social,SOCIAL,SOCIAL,SOCIAL,PROMO 1 - RETARGETING,Meta,STANDARD,7632.67,713789,4030,78891.27854,17822592.96
3/3/2025,TROPICAL SMOOTHIE CAFE,social,SOCIAL,SOCIAL,SOCIAL,PROMO 1 - SNAP ADS,Snapchat,SNAP ADS,48582.55,4630482,6066,81993.08328,17822592.96
3/3/2025,TROPICAL SMOOTHIE CAFE,standard display,DIGITAL,STANDARD DISPLAY,DISPLAY,PROMO 1 - GENERAL,Hx,STANDARD DISPLAY,17758.08098,4349785,1801,58491.63497,17822592.96
3/3/2025,TROPICAL SMOOTHIE CAFE,standard display,DIGITAL,STANDARD DISPLAY,DISPLAY,PROMO 1 - MML,Warner Bros Discovery,STANDARD DISPLAY,11872.35684,498271,208,14009.21657,17822592.96
3/10/2025,TROPICAL SMOOTHIE CAFE,brand,SEM,BRAND,SEM,Brand Search,Google,GROW,12390.84,477106,165232,66065.89487,32461259.11
3/10/2025,TROPICAL SMOOTHIE CAFE,ctv,DIGITAL,CTV,VIDEO,PROMO 1 - GENERAL,Sightly,YOUTUBE SELECT,47855.63868,3174838,3287,136034.9024,32461259.11
3/10/2025,TROPICAL SMOOTHIE CAFE,ctv,DIGITAL,CTV,VIDEO,PROMO 1 - GENERAL,Sightly,YOUTUBE TV,59531.66575,1909260,35,193980.1175,32461259.11
3/10/2025,TROPICAL SMOOTHIE CAFE,ctv,DIGITAL,CTV,VIDEO,PROMO 1 - MML,Warner Bros Discovery,NON-SKIP,1.75349777,37,9,36.93907571,32461259.11
3/10/2025,TROPICAL SMOOTHIE CAFE,nonbrand,SEM,COMPETITOR,SEM,Nonbrand Search,Google,PROSPECT,10.48,181,6,23.28987745,32461259.11
3/10/2025,TROPICAL SMOOTHIE CAFE,nonbrand,SEM,NONBRAND,SEM,Nonbrand Search,Google,PROSPECT,1208.57,25162,2687,10429.98345,32461259.11
3/10/2025,TROPICAL SMOOTHIE CAFE,olv,DIGITAL,OLV,VIDEO,PROMO 1 - GENERAL,Hx,SKIPPABLE,50412.72084,7561711,4155,207321.0855,32461259.11
3/10/2025,TROPICAL SMOOTHIE CAFE,olv,DIGITAL,OLV,VIDEO,PROMO 1 - GENERAL,Sightly,BUMPER,12064.17932,1752440,467,43985.86652,32461259.11
3/10/2025,TROPICAL SMOOTHIE CAFE,olv,DIGITAL,OLV,VIDEO,PROMO 1 - GENERAL,Sightly,NON-SKIP,46367.57113,4354406,1002,106064.8723,32461259.11
3/10/2025,TROPICAL SMOOTHIE CAFE,olv,DIGITAL,OLV,VIDEO,PROMO 1 - GENERAL,Sightly,SKIPPABLE,102344.981,6119009,2122,137548.3507,32461259.11
3/10/2025,TROPICAL SMOOTHIE CAFE,olv,DIGITAL,OLV,VIDEO,PROMO 1 - GENERAL,Sightly,YOUTUBE SHORTS,11433.77455,2595890,2410,53097.51243,32461259.11
3/10/2025,TROPICAL SMOOTHIE CAFE,pmax,SEM,PMAX,SEM,PMAX Revenue,Google,PROSPECT,11571.76,871883,14112,49008.805,32461259.11
3/10/2025,TROPICAL SMOOTHIE CAFE,pmax,SEM,PMAX,SEM,PMAX Store Visits,Google,PROSPECT,23300.38,16861026,27600,95850.554,32461259.11
3/10/2025,TROPICAL SMOOTHIE CAFE,social,SOCIAL,SOCIAL,SOCIAL,PROMO 1 - 1P,Meta,STANDARD,30359.16,7257534,6475,141133.0705,32461259.11
3/10/2025,TROPICAL SMOOTHIE CAFE,social,SOCIAL,SOCIAL,SOCIAL,PROMO 1 - COMMERCIALS,Snapchat,COMMERCIALS,21012.51,1060994,4019,393679.4198,32461259.11
3/10/2025,TROPICAL SMOOTHIE CAFE,social,SOCIAL,SOCIAL,SOCIAL,PROMO 1 - IN-FEED,TikTok,IN-FEED,70113.39,23527135,35361,681595.3623,32461259.11
3/10/2025,TROPICAL SMOOTHIE CAFE,social,SOCIAL,SOCIAL,SOCIAL,PROMO 1 - PROSPECTING,Meta,STANDARD,97613.89,35604942,23737,580328.9202,32461259.11
3/10/2025,TROPICAL SMOOTHIE CAFE,social,SOCIAL,SOCIAL,SOCIAL,PROMO 1 - RETARGETING,Meta,STANDARD,22424.98,2055359,8430,189410.777,32461259.11
3/10/2025,TROPICAL SMOOTHIE CAFE,social,SOCIAL,SOCIAL,SOCIAL,PROMO 1 - SNAP ADS,Snapchat,SNAP ADS,46339.02,4572040,5815,75570.42321,32461259.11
3/10/2025,TROPICAL SMOOTHIE CAFE,standard display,DIGITAL,STANDARD DISPLAY,DISPLAY,PROMO 1 - GENERAL,Hx,STANDARD DISPLAY,21567.94473,5636134,2071,61511.86183,32461259.11
3/10/2025,TROPICAL SMOOTHIE CAFE,standard display,DIGITAL,STANDARD DISPLAY,DISPLAY,PROMO 1 - MML,Warner Bros Discovery,STANDARD DISPLAY,16132.88199,677081,262,23447.90242,32461259.11
3/17/2025,TROPICAL SMOOTHIE CAFE,brand,SEM,BRAND,SEM,Brand Search,Google,GROW,15372.27,480512,161879,69199.26522,46955931.22
3/17/2025,TROPICAL SMOOTHIE CAFE,ctv,DIGITAL,CTV,VIDEO,PROMO 1 - GENERAL,Sightly,YOUTUBE SELECT,45440.20754,2939896,3250,214934.8175,46955931.22
3/17/2025,TROPICAL SMOOTHIE CAFE,ctv,DIGITAL,CTV,VIDEO,PROMO 1 - GENERAL,Sightly,YOUTUBE TV,58696.96399,1882490,31,296989.3852,46955931.22
3/17/2025,TROPICAL SMOOTHIE CAFE,ctv,DIGITAL,CTV,VIDEO,PROMO 1 - MML,Warner Bros Discovery,NON-SKIP,168478.4827,3555011,112,700.9223109,46955931.22
3/17/2025,TROPICAL SMOOTHIE CAFE,nonbrand,SEM,COMPETITOR,SEM,Nonbrand Search,Google,PROSPECT,25.66,225,11,30.28855559,46955931.22
3/17/2025,TROPICAL SMOOTHIE CAFE,nonbrand,SEM,NONBRAND,SEM,Nonbrand Search,Google,PROSPECT,1440.93,27125,2592,7137.0851,46955931.22
3/17/2025,TROPICAL SMOOTHIE CAFE,olv,DIGITAL,OLV,VIDEO,PROMO 1 - GENERAL,Hx,SKIPPABLE,45258.44313,6616529,3266,213650.0657,46955931.22
3/17/2025,TROPICAL SMOOTHIE CAFE,olv,DIGITAL,OLV,VIDEO,PROMO 1 - GENERAL,Sightly,BUMPER,12105.54641,1626911,642,53394.07382,46955931.22
3/17/2025,TROPICAL SMOOTHIE CAFE,olv,DIGITAL,OLV,VIDEO,PROMO 1 - GENERAL,Sightly,NON-SKIP,43997.23267,3447058,1694,118517.5322,46955931.22
3/17/2025,TROPICAL SMOOTHIE CAFE,olv,DIGITAL,OLV,VIDEO,PROMO 1 - GENERAL,Sightly,SKIPPABLE,99861.60772,5739035,1547,150344.7816,46955931.22
3/17/2025,TROPICAL SMOOTHIE CAFE,olv,DIGITAL,OLV,VIDEO,PROMO 1 - GENERAL,Sightly,YOUTUBE SHORTS,11050.21546,2320707,2247,57978.95815,46955931.22
3/17/2025,TROPICAL SMOOTHIE CAFE,pmax,SEM,PMAX,SEM,PMAX Revenue,Google,PROSPECT,8566.31,591759,12958,49460.02413,46955931.22
3/17/2025,TROPICAL SMOOTHIE CAFE,pmax,SEM,PMAX,SEM,PMAX Store Visits,Google,PROSPECT,24099.62,17666044,30625,116894.0607,46955931.22
3/17/2025,TROPICAL SMOOTHIE CAFE,social,SOCIAL,SOCIAL,SOCIAL,PROMO 1 - 1P,Meta,STANDARD,29673.12,6837653,6035,123314.8239,46955931.22
3/17/2025,TROPICAL SMOOTHIE CAFE,social,SOCIAL,SOCIAL,SOCIAL,PROMO 1 - COMMERCIALS,Snapchat,COMMERCIALS,17827.55,727210,2737,319972.5456,46955931.22
3/17/2025,TROPICAL SMOOTHIE CAFE,social,SOCIAL,SOCIAL,SOCIAL,PROMO 1 - IN-FEED,TikTok,IN-FEED,70764.17,22785075,32847,585217.993,46955931.22
3/17/2025,TROPICAL SMOOTHIE CAFE,social,SOCIAL,SOCIAL,SOCIAL,PROMO 1 - LENS,Snapchat,LENS,44659.8,6195840,2681,27321.04087,46955931.22
3/17/2025,TROPICAL SMOOTHIE CAFE,social,SOCIAL,SOCIAL,SOCIAL,PROMO 1 - PROSPECTING,Meta,STANDARD,96496.18,32905065,22969,456461.8361,46955931.22
3/17/2025,TROPICAL SMOOTHIE CAFE,social,SOCIAL,SOCIAL,SOCIAL,PROMO 1 - PULSE,TikTok,PULSE,50045.65,2943863,5324,240463.6316,46955931.22
3/17/2025,TROPICAL SMOOTHIE CAFE,social,SOCIAL,SOCIAL,SOCIAL,PROMO 1 - RETARGETING,Meta,STANDARD,22894.78,2246641,8509,163556.9983,46955931.22
3/17/2025,TROPICAL SMOOTHIE CAFE,social,SOCIAL,SOCIAL,SOCIAL,PROMO 1 - SNAP ADS,Snapchat,SNAP ADS,50873.04,6294782,9305,111779.6109,46955931.22
3/17/2025,TROPICAL SMOOTHIE CAFE,social,SOCIAL,SOCIAL,SOCIAL,PROMO 1 - TOP FEED,TikTok,TOP FEED,49611.13,6791399,13410,294900.06,46955931.22
3/17/2025,TROPICAL SMOOTHIE CAFE,standard display,DIGITAL,STANDARD DISPLAY,DISPLAY,PROMO 1 - GENERAL,Hx,STANDARD DISPLAY,17642.67405,4591648,1676,64003.32056,46955931.22
3/17/2025,TROPICAL SMOOTHIE CAFE,standard display,DIGITAL,STANDARD DISPLAY,DISPLAY,PROMO 1 - MML,Warner Bros Discovery,STANDARD DISPLAY,7551.024912,316909,115,20251.37669,46955931.22
3/24/2025,TROPICAL SMOOTHIE CAFE,brand,SEM,BRAND,SEM,Brand Search,Google,GROW,17464.84,494606,165976,71638.41057,41913318.74
3/24/2025,TROPICAL SMOOTHIE CAFE,ctv,DIGITAL,CTV,VIDEO,PROMO 1 - GENERAL,Sightly,YOUTUBE SELECT,94173.75182,7182689,8584,409735.2154,41913318.74
3/24/2025,TROPICAL SMOOTHIE CAFE,ctv,DIGITAL,CTV,VIDEO,PROMO 1 - GENERAL,Sightly,YOUTUBE TV,57786.64952,1853295,37,245632.7454,41913318.74
3/24/2025,TROPICAL SMOOTHIE CAFE,ctv,DIGITAL,CTV,VIDEO,PROMO 1 - MML,Warner Bros Discovery,NON-SKIP,19019.76379,401330,16,50.22113854,41913318.74
3/24/2025,TROPICAL SMOOTHIE CAFE,ctv,DIGITAL,CTV,VIDEO,PROMO 2 - GENERAL,Univision Interactive,NON-SKIP,0.62375,25,13,42.80280685,41913318.74
3/24/2025,TROPICAL SMOOTHIE CAFE,nonbrand,SEM,COMPETITOR,SEM,Nonbrand Search,Google,PROSPECT,33.89,161,11,25.1958513,41913318.74
3/24/2025,TROPICAL SMOOTHIE CAFE,nonbrand,SEM,NONBRAND,SEM,Nonbrand Search,Google,PROSPECT,1328.53,28322,2712,6211.922612,41913318.74
3/24/2025,TROPICAL SMOOTHIE CAFE,olv,DIGITAL,OLV,VIDEO,PROMO 1 - GENERAL,Hx,SKIPPABLE,42757.87487,5474656,2689,188205.7977,41913318.74
3/24/2025,TROPICAL SMOOTHIE CAFE,olv,DIGITAL,OLV,VIDEO,PROMO 1 - GENERAL,Sightly,BUMPER,13372.21197,1951180,436,60834.9946,41913318.74
3/24/2025,TROPICAL SMOOTHIE CAFE,olv,DIGITAL,OLV,VIDEO,PROMO 1 - GENERAL,Sightly,NON-SKIP,45837.20167,3588589,1802,132414.7852,41913318.74
3/24/2025,TROPICAL SMOOTHIE CAFE,olv,DIGITAL,OLV,VIDEO,PROMO 1 - GENERAL,Sightly,SKIPPABLE,92438.22988,5277525,1293,143309.4125,41913318.74
3/24/2025,TROPICAL SMOOTHIE CAFE,olv,DIGITAL,OLV,VIDEO,PROMO 1 - GENERAL,Sightly,YOUTUBE SHORTS,10226.18311,2046655,1727,51523.67946,41913318.74
3/24/2025,TROPICAL SMOOTHIE CAFE,pmax,SEM,PMAX,SEM,PMAX Revenue,Google,PROSPECT,10697.02,812127,16137,51510.31708,41913318.74
3/24/2025,TROPICAL SMOOTHIE CAFE,pmax,SEM,PMAX,SEM,PMAX Store Visits,Google,PROSPECT,11413.58,9974474,23518,75070.93246,41913318.74
3/24/2025,TROPICAL SMOOTHIE CAFE,social,SOCIAL,SOCIAL,SOCIAL,PROMO 1 - 1P,Meta,STANDARD,29212.37,6615451,5803,136837.5368,41913318.74
3/24/2025,TROPICAL SMOOTHIE CAFE,social,SOCIAL,SOCIAL,SOCIAL,PROMO 1 - COMMERCIALS,Snapchat,COMMERCIALS,17530.85,715481,2403,334524.1337,41913318.74
3/24/2025,TROPICAL SMOOTHIE CAFE,social,SOCIAL,SOCIAL,SOCIAL,PROMO 1 - IN-FEED,TikTok,IN-FEED,70656.36,23418532,35696,704163.2915,41913318.74
3/24/2025,TROPICAL SMOOTHIE CAFE,social,SOCIAL,SOCIAL,SOCIAL,PROMO 1 - LENS,Snapchat,LENS,45378.41,6408015,2434,27930.95324,41913318.74
3/24/2025,TROPICAL SMOOTHIE CAFE,social,SOCIAL,SOCIAL,SOCIAL,PROMO 1 - PROSPECTING,Meta,STANDARD,92572.64,29910866,21773,487172.2337,41913318.74
3/24/2025,TROPICAL SMOOTHIE CAFE,social,SOCIAL,SOCIAL,SOCIAL,PROMO 1 - PULSE,TikTok,PULSE,49954.35,2941938,5460,287942.1601,41913318.74
3/24/2025,TROPICAL SMOOTHIE CAFE,social,SOCIAL,SOCIAL,SOCIAL,PROMO 1 - RETARGETING,Meta,STANDARD,22810.85,2161533,8524,180958.8665,41913318.74
3/24/2025,TROPICAL SMOOTHIE CAFE,social,SOCIAL,SOCIAL,SOCIAL,PROMO 1 - SNAP ADS,Snapchat,SNAP ADS,51030.08,5532277,7786,105123.3771,41913318.74
3/24/2025,TROPICAL SMOOTHIE CAFE,social,SOCIAL,SOCIAL,SOCIAL,PROMO 1 - TOP FEED,TikTok,TOP FEED,0,0,0,0,41913318.74
3/24/2025,TROPICAL SMOOTHIE CAFE,standard display,DIGITAL,STANDARD DISPLAY,DISPLAY,PROMO 1 - GENERAL,Hx,STANDARD DISPLAY,20183.4818,4019169,1605,69230.94596,41913318.74
3/24/2025,TROPICAL SMOOTHIE CAFE,standard display,DIGITAL,STANDARD DISPLAY,DISPLAY,PROMO 1 - MML,Warner Bros Discovery,STANDARD DISPLAY,2855.77418,119854,39,2108.754824,41913318.74
3/31/2025,TROPICAL SMOOTHIE CAFE,brand,SEM,BRAND,SEM,Brand Search,Google,GROW,13207.17,374015,138027,60022.86211,19311052.92
3/31/2025,TROPICAL SMOOTHIE CAFE,ctv,DIGITAL,CTV,VIDEO,PROMO 1 - GENERAL,Sightly,YOUTUBE SELECT,56238.70228,6038136,8958,219712.9471,19311052.92
3/31/2025,TROPICAL SMOOTHIE CAFE,ctv,DIGITAL,CTV,VIDEO,PROMO 1 - GENERAL,Sightly,YOUTUBE TV,17232.89656,552682,14,44783.23856,19311052.92
3/31/2025,TROPICAL SMOOTHIE CAFE,ctv,DIGITAL,CTV,VIDEO,PROMO 1 - MML,Warner Bros Discovery,NON-SKIP,0,2,0,0,19311052.92
3/31/2025,TROPICAL SMOOTHIE CAFE,ctv,DIGITAL,CTV,VIDEO,PROMO 2 - GENERAL,Culture Genesis,NON-SKIP,17170.45243,604548,0,48440.5103,19311052.92
3/31/2025,TROPICAL SMOOTHIE CAFE,ctv,DIGITAL,CTV,VIDEO,PROMO 2 - GENERAL,Hx,NON-SKIP,167195.0497,6637778,1108,542742.9477,19311052.92
3/31/2025,TROPICAL SMOOTHIE CAFE,ctv,DIGITAL,CTV,VIDEO,PROMO 2 - GENERAL,Max,NON-SKIP,11585.92995,512739.62,46,35063.67609,19311052.92
3/31/2025,TROPICAL SMOOTHIE CAFE,ctv,DIGITAL,CTV,VIDEO,PROMO 2 - GENERAL,Sightly,YOUTUBE SELECT,14434.31371,715148,159,36106.30811,19311052.92
3/31/2025,TROPICAL SMOOTHIE CAFE,ctv,DIGITAL,CTV,VIDEO,PROMO 2 - GENERAL,Sightly,YOUTUBE TV,11918.78168,479638,6,38909.99138,19311052.92
3/31/2025,TROPICAL SMOOTHIE CAFE,ctv,DIGITAL,CTV,VIDEO,PROMO 2 - GENERAL,Tv One,NON-SKIP,2911.668814,132246,0,10814.62948,19311052.92
3/31/2025,TROPICAL SMOOTHIE CAFE,ctv,DIGITAL,CTV,VIDEO,PROMO 2 - GENERAL,Univision Interactive,NON-SKIP,5011.598515,156491,6,12720.62755,19311052.92
3/31/2025,TROPICAL SMOOTHIE CAFE,nonbrand,SEM,COMPETITOR,SEM,Nonbrand Search,Google,PROSPECT,21.29,344,28,35.10461724,19311052.92
3/31/2025,TROPICAL SMOOTHIE CAFE,nonbrand,SEM,NONBRAND,SEM,Nonbrand Search,Google,PROSPECT,2069.05,46323,6726,8432.630554,19311052.92
3/31/2025,TROPICAL SMOOTHIE CAFE,olv,DIGITAL,OLV,VIDEO,PROMO 1 - GENERAL,Hx,SKIPPABLE,9449.731038,1249035,633,87468.91538,19311052.92
3/31/2025,TROPICAL SMOOTHIE CAFE,olv,DIGITAL,OLV,VIDEO,PROMO 1 - GENERAL,Sightly,BUMPER,2076.685545,350157,68,21566.8775,19311052.92
3/31/2025,TROPICAL SMOOTHIE CAFE,olv,DIGITAL,OLV,VIDEO,PROMO 1 - GENERAL,Sightly,NON-SKIP,11940.62673,960707,368,66440.14763,19311052.92
3/31/2025,TROPICAL SMOOTHIE CAFE,olv,DIGITAL,OLV,VIDEO,PROMO 1 - GENERAL,Sightly,SKIPPABLE,25203.87041,1587833,510,90901.24286,19311052.92
3/31/2025,TROPICAL SMOOTHIE CAFE,olv,DIGITAL,OLV,VIDEO,PROMO 1 - GENERAL,Sightly,YOUTUBE SHORTS,2826.702154,607171,611,35987.84316,19311052.92
3/31/2025,TROPICAL SMOOTHIE CAFE,olv,DIGITAL,OLV,VIDEO,PROMO 2 - GENERAL,Sightly,BUMPER,3313.712888,657509,27,36122.81319,19311052.92
3/31/2025,TROPICAL SMOOTHIE CAFE,olv,DIGITAL,OLV,VIDEO,PROMO 2 - GENERAL,Sightly,NON-SKIP,4235.165683,361513,54,21286.01584,19311052.92
3/31/2025,TROPICAL SMOOTHIE CAFE,olv,DIGITAL,OLV,VIDEO,PROMO 2 - GENERAL,Sightly,SKIPPABLE,2321.314602,161993,32,8578.529795,19311052.92
3/31/2025,TROPICAL SMOOTHIE CAFE,olv,DIGITAL,OLV,VIDEO,PROMO 2 - GENERAL,Sightly,YOUTUBE SHORTS,1174.038344,297314,240,14713.92679,19311052.92
3/31/2025,TROPICAL SMOOTHIE CAFE,pmax,SEM,PMAX,SEM,PMAX Revenue,Google,PROSPECT,10727.99,824295,20648,58729.54291,19311052.92
3/31/2025,TROPICAL SMOOTHIE CAFE,pmax,SEM,PMAX,SEM,PMAX Store Visits,Google,PROSPECT,14747.29,11205644,21752,61869.67345,19311052.92
3/31/2025,TROPICAL SMOOTHIE CAFE,social,SOCIAL,SOCIAL,SOCIAL,PROMO 1 - 1P,Meta,STANDARD,7783.2,1844636,1677,47016.47798,19311052.92
3/31/2025,TROPICAL SMOOTHIE CAFE,social,SOCIAL,SOCIAL,SOCIAL,PROMO 1 - COMMERCIALS,Snapchat,COMMERCIALS,3629.09,147976,482,76720.67421,19311052.92
3/31/2025,TROPICAL SMOOTHIE CAFE,social,SOCIAL,SOCIAL,SOCIAL,PROMO 1 - IN-FEED,TikTok,IN-FEED,20214.04,8207505,10897,254596.4595,19311052.92
3/31/2025,TROPICAL SMOOTHIE CAFE,social,SOCIAL,SOCIAL,SOCIAL,PROMO 1 - LENS,Snapchat,LENS,9961.79,2417503,985,14591.88386,19311052.92
3/31/2025,TROPICAL SMOOTHIE CAFE,social,SOCIAL,SOCIAL,SOCIAL,PROMO 1 - PROSPECTING,Meta,STANDARD,23552.52,7902090,5821,162069.3182,19311052.92
3/31/2025,TROPICAL SMOOTHIE CAFE,social,SOCIAL,SOCIAL,SOCIAL,PROMO 1 - PULSE,TikTok,PULSE,0,0,0,0,19311052.92
3/31/2025,TROPICAL SMOOTHIE CAFE,social,SOCIAL,SOCIAL,SOCIAL,PROMO 1 - RETARGETING,Meta,STANDARD,6220.2,636743,2496,60717.73816,19311052.92
3/31/2025,TROPICAL SMOOTHIE CAFE,social,SOCIAL,SOCIAL,SOCIAL,PROMO 1 - SNAP ADS,Snapchat,SNAP ADS,12405.26,1273300,1732,29372.70081,19311052.92
3/31/2025,TROPICAL SMOOTHIE CAFE,social,SOCIAL,SOCIAL,SOCIAL,PROMO 2 - PROSPECT,Meta,STANDARD,42671.71,16282899,6841,412784.6199,19311052.92
3/31/2025,TROPICAL SMOOTHIE CAFE,social,SOCIAL,SOCIAL,SOCIAL,PROMO 2 - PROSPECT,Snapchat,SNAP ADS,6267,780503,1114,22194.32119,19311052.92
3/31/2025,TROPICAL SMOOTHIE CAFE,social,SOCIAL,SOCIAL,SOCIAL,PROMO 2 - PROSPECT,TikTok,IN-FEED,26481.55,11003777,15167,470159.1737,19311052.92
3/31/2025,TROPICAL SMOOTHIE CAFE,social,SOCIAL,SOCIAL,SOCIAL,PROMO 2 - RETARGETING,Meta,STANDARD,19370.95,1919522,8720,269115.7117,19311052.92
3/31/2025,TROPICAL SMOOTHIE CAFE,standard display,DIGITAL,STANDARD DISPLAY,DISPLAY,PROMO 1 - GENERAL,Hx,STANDARD DISPLAY,4380.413013,825734,350,18533.90393,19311052.92
3/31/2025,TROPICAL SMOOTHIE CAFE,standard display,DIGITAL,STANDARD DISPLAY,DISPLAY,PROMO 1 - MML,Warner Bros Discovery,STANDARD DISPLAY,2998.693253,431993,186,16633.01392,19311052.92
3/31/2025,TROPICAL SMOOTHIE CAFE,standard display,DIGITAL,STANDARD DISPLAY,DISPLAY,PROMO 2 - GENERAL,Hx,STANDARD DISPLAY,29832.28946,5287598,2004,60032.52554,19311052.92
4/7/2025,TROPICAL SMOOTHIE CAFE,brand,SEM,BRAND,SEM,Brand Search,Google,GROW,10884.21,313419,122126,50363.19751,31443901.68
4/7/2025,TROPICAL SMOOTHIE CAFE,ctv,DIGITAL,CTV,VIDEO,PROMO 2 - GENERAL,Culture Genesis,NON-SKIP,23933.93747,842681,0,74171.33131,31443901.68
4/7/2025,TROPICAL SMOOTHIE CAFE,ctv,DIGITAL,CTV,VIDEO,PROMO 2 - GENERAL,Hx,NON-SKIP,196348.8434,7985936,1139,762073.2926,31443901.68
4/7/2025,TROPICAL SMOOTHIE CAFE,ctv,DIGITAL,CTV,VIDEO,PROMO 2 - GENERAL,Max,NON-SKIP,16290.0465,720922.04,72,51485.53977,31443901.68
4/7/2025,TROPICAL SMOOTHIE CAFE,ctv,DIGITAL,CTV,VIDEO,PROMO 2 - GENERAL,Sightly,YOUTUBE SELECT,19983.93584,990104,274,65662.22812,31443901.68
4/7/2025,TROPICAL SMOOTHIE CAFE,ctv,DIGITAL,CTV,VIDEO,PROMO 2 - GENERAL,Sightly,YOUTUBE TV,20839.51655,838628,17,74239.01036,31443901.68
4/7/2025,TROPICAL SMOOTHIE CAFE,ctv,DIGITAL,CTV,VIDEO,PROMO 2 - GENERAL,Tv One,NON-SKIP,6713.83985,304938,0,9232.671959,31443901.68
4/7/2025,TROPICAL SMOOTHIE CAFE,ctv,DIGITAL,CTV,VIDEO,PROMO 2 - GENERAL,Univision Interactive,NON-SKIP,5903.494119,184338,0,20539.45064,31443901.68
4/7/2025,TROPICAL SMOOTHIE CAFE,nonbrand,SEM,COMPETITOR,SEM,Nonbrand Search,Google,PROSPECT,108.71,1809,207,248.6679801,31443901.68
4/7/2025,TROPICAL SMOOTHIE CAFE,nonbrand,SEM,NONBRAND,SEM,Nonbrand Search,Google,PROSPECT,2332.06,61785,9361,11245.31865,31443901.68
4/7/2025,TROPICAL SMOOTHIE CAFE,olv,DIGITAL,OLV,VIDEO,PROMO 1 - GENERAL,Hx,SKIPPABLE,0,4,0,0.135557199,31443901.68
4/7/2025,TROPICAL SMOOTHIE CAFE,olv,DIGITAL,OLV,VIDEO,PROMO 2 - GENERAL,Sightly,BUMPER,12393.82703,1889583,113,84903.69376,31443901.68
4/7/2025,TROPICAL SMOOTHIE CAFE,olv,DIGITAL,OLV,VIDEO,PROMO 2 - GENERAL,Sightly,NON-SKIP,22916.64778,1863373,311,92251.454,31443901.68
4/7/2025,TROPICAL SMOOTHIE CAFE,olv,DIGITAL,OLV,VIDEO,PROMO 2 - GENERAL,Sightly,SKIPPABLE,11210.01057,738804,75,29863.56891,31443901.68
4/7/2025,TROPICAL SMOOTHIE CAFE,olv,DIGITAL,OLV,VIDEO,PROMO 2 - GENERAL,Sightly,YOUTUBE SHORTS,7443.438452,1862785,1349,81797.39852,31443901.68
4/7/2025,TROPICAL SMOOTHIE CAFE,pmax,SEM,PMAX,SEM,PMAX Revenue,Google,PROSPECT,20817.31,1167438,23389,60314.58834,31443901.68
4/7/2025,TROPICAL SMOOTHIE CAFE,pmax,SEM,PMAX,SEM,PMAX Store Visits,Google,PROSPECT,10302.14,9525879,19276,49708.15361,31443901.68
4/7/2025,TROPICAL SMOOTHIE CAFE,social,SOCIAL,SOCIAL,SOCIAL,PROMO 1 - LENS,Snapchat,LENS,0,0,0,0,31443901.68
4/7/2025,TROPICAL SMOOTHIE CAFE,social,SOCIAL,SOCIAL,SOCIAL,PROMO 2 - PROSPECT,Meta,STANDARD,61337.1,22512966,10361,500329.4095,31443901.68
4/7/2025,TROPICAL SMOOTHIE CAFE,social,SOCIAL,SOCIAL,SOCIAL,PROMO 2 - PROSPECT,Snapchat,SNAP ADS,20496.1,2710774,4329,75836.10867,31443901.68
4/7/2025,TROPICAL SMOOTHIE CAFE,social,SOCIAL,SOCIAL,SOCIAL,PROMO 2 - PROSPECT,TikTok,IN-FEED,39554.21,15697727,22604,599019.8649,31443901.68
4/7/2025,TROPICAL SMOOTHIE CAFE,social,SOCIAL,SOCIAL,SOCIAL,PROMO 2 - RETARGETING,Meta,STANDARD,27345.47,2561427,11346,310449.1429,31443901.68
4/7/2025,TROPICAL SMOOTHIE CAFE,standard display,DIGITAL,STANDARD DISPLAY,DISPLAY,PROMO 1 - GENERAL,Hx,STANDARD DISPLAY,0,10,0,0,31443901.68
4/7/2025,TROPICAL SMOOTHIE CAFE,standard display,DIGITAL,STANDARD DISPLAY,DISPLAY,PROMO 1 - MML,Warner Bros Discovery,STANDARD DISPLAY,9997.498008,1642622,721,21564.98949,31443901.68
4/7/2025,TROPICAL SMOOTHIE CAFE,standard display,DIGITAL,STANDARD DISPLAY,DISPLAY,PROMO 2 - GENERAL,Hx,STANDARD DISPLAY,38828.44434,8582014,2696,119090.9505,31443901.68
4/14/2025,TROPICAL SMOOTHIE CAFE,brand,SEM,BRAND,SEM,Brand Search,Google,GROW,13278.15,372902,120066,53554.70575,31051182.54
4/14/2025,TROPICAL SMOOTHIE CAFE,ctv,DIGITAL,CTV,VIDEO,PROMO 2 - GENERAL,Culture Genesis,NON-SKIP,23405.48739,824075,0,70493.63598,31051182.54
4/14/2025,TROPICAL SMOOTHIE CAFE,ctv,DIGITAL,CTV,VIDEO,PROMO 2 - GENERAL,Hx,NON-SKIP,223307.4109,9830206,1070,888959.2251,31051182.54
4/14/2025,TROPICAL SMOOTHIE CAFE,ctv,DIGITAL,CTV,VIDEO,PROMO 2 - GENERAL,Max,NON-SKIP,11496.67343,508789.54,57,55178.02908,31051182.54
4/14/2025,TROPICAL SMOOTHIE CAFE,ctv,DIGITAL,CTV,VIDEO,PROMO 2 - GENERAL,Sightly,YOUTUBE SELECT,19643.21525,973223,251,62380.41244,31051182.54
4/14/2025,TROPICAL SMOOTHIE CAFE,ctv,DIGITAL,CTV,VIDEO,PROMO 2 - GENERAL,Sightly,YOUTUBE TV,20460.98357,823395,9,70611.39103,31051182.54
4/14/2025,TROPICAL SMOOTHIE CAFE,ctv,DIGITAL,CTV,VIDEO,PROMO 2 - GENERAL,Tv One,NON-SKIP,5862.682124,266279,0,7077.762724,31051182.54
4/14/2025,TROPICAL SMOOTHIE CAFE,ctv,DIGITAL,CTV,VIDEO,PROMO 2 - GENERAL,Univision Interactive,NON-SKIP,4027.994378,125769,19,9962.619945,31051182.54
4/14/2025,TROPICAL SMOOTHIE CAFE,nonbrand,SEM,COMPETITOR,SEM,Nonbrand Search,Google,PROSPECT,221.56,3292,340,468.008309,31051182.54
4/14/2025,TROPICAL SMOOTHIE CAFE,nonbrand,SEM,NONBRAND,SEM,Nonbrand Search,Google,PROSPECT,2947.5,73425,10007,13774.58573,31051182.54
4/14/2025,TROPICAL SMOOTHIE CAFE,olv,DIGITAL,OLV,VIDEO,PROMO 1 - GENERAL,Hx,SKIPPABLE,0,11,0,0.220339756,31051182.54
4/14/2025,TROPICAL SMOOTHIE CAFE,olv,DIGITAL,OLV,VIDEO,PROMO 2 - GENERAL,Sightly,BUMPER,16426.90281,2513293,405,92234.08858,31051182.54
4/14/2025,TROPICAL SMOOTHIE CAFE,olv,DIGITAL,OLV,VIDEO,PROMO 2 - GENERAL,Sightly,NON-SKIP,28523.80327,2327937,446,87374.29438,31051182.54
4/14/2025,TROPICAL SMOOTHIE CAFE,olv,DIGITAL,OLV,VIDEO,PROMO 2 - GENERAL,Sightly,SKIPPABLE,14234.51696,929466,109,28477.484,31051182.54
4/14/2025,TROPICAL SMOOTHIE CAFE,olv,DIGITAL,OLV,VIDEO,PROMO 2 - GENERAL,Sightly,YOUTUBE SHORTS,8344.964236,2013047,1465,64684.93033,31051182.54
4/14/2025,TROPICAL SMOOTHIE CAFE,pmax,SEM,PMAX,SEM,PMAX Revenue,Google,PROSPECT,22242.61,1176173,23342,52600.44728,31051182.54
4/14/2025,TROPICAL SMOOTHIE CAFE,pmax,SEM,PMAX,SEM,PMAX Store Visits,Google,PROSPECT,3346.59,5165737,11606,26153.74823,31051182.54
4/14/2025,TROPICAL SMOOTHIE CAFE,social,SOCIAL,SOCIAL,SOCIAL,PROMO 1 - LENS,Snapchat,LENS,0,0,0,0,31051182.54
4/14/2025,TROPICAL SMOOTHIE CAFE,social,SOCIAL,SOCIAL,SOCIAL,PROMO 2 - PROSPECT,Meta,STANDARD,62420.38,22721399,11307,464412.2625,31051182.54
4/14/2025,TROPICAL SMOOTHIE CAFE,social,SOCIAL,SOCIAL,SOCIAL,PROMO 2 - PROSPECT,Snapchat,SNAP ADS,31564.16,3657363,6239,94973.85473,31051182.54
4/14/2025,TROPICAL SMOOTHIE CAFE,social,SOCIAL,SOCIAL,SOCIAL,PROMO 2 - PROSPECT,TikTok,IN-FEED,38760.9,15772194,23175,532970.5622,31051182.54
4/14/2025,TROPICAL SMOOTHIE CAFE,social,SOCIAL,SOCIAL,SOCIAL,PROMO 2 - RETARGETING,Meta,STANDARD,27231.84,2808120,11981,277031.718,31051182.54
4/14/2025,TROPICAL SMOOTHIE CAFE,standard display,DIGITAL,STANDARD DISPLAY,DISPLAY,PROMO 1 - GENERAL,Hx,STANDARD DISPLAY,0,2,0,0,31051182.54
4/14/2025,TROPICAL SMOOTHIE CAFE,standard display,DIGITAL,STANDARD DISPLAY,DISPLAY,PROMO 1 - MML,Warner Bros Discovery,STANDARD DISPLAY,0.018258914,3,0,0,31051182.54
4/14/2025,TROPICAL SMOOTHIE CAFE,standard display,DIGITAL,STANDARD DISPLAY,DISPLAY,PROMO 2 - GENERAL,Hx,STANDARD DISPLAY,46206.39426,8837751,2988,148885.5356,31051182.54
4/14/2025,TROPICALSMOOTHIECAFE,social,SOCIAL,SOCIAL,SOCIAL,LITTLE ROCK PROMO,Meta,STANDARD,907.81,67571,210,2858.732138,31051182.54
4/21/2025,TROPICAL SMOOTHIE CAFE,brand,SEM,BRAND,SEM,Brand Search,Google,GROW,13067.37,373614,112234,54537.01193,16826163.53
4/21/2025,TROPICAL SMOOTHIE CAFE,ctv,DIGITAL,CTV,VIDEO,PROMO 2 - GENERAL,Culture Genesis,NON-SKIP,22562.17127,794383,0,88764.86077,16826163.53
4/21/2025,TROPICAL SMOOTHIE CAFE,ctv,DIGITAL,CTV,VIDEO,PROMO 2 - GENERAL,Hx,NON-SKIP,184693.1853,8178762,1279,981323.9301,16826163.53
4/21/2025,TROPICAL SMOOTHIE CAFE,ctv,DIGITAL,CTV,VIDEO,PROMO 2 - GENERAL,Max,NON-SKIP,14238.30319,630121.38,49,75245.58988,16826163.53
4/21/2025,TROPICAL SMOOTHIE CAFE,ctv,DIGITAL,CTV,VIDEO,PROMO 2 - GENERAL,Tv One,NON-SKIP,7368.363166,334666,0,10209.15546,16826163.53
4/21/2025,TROPICAL SMOOTHIE CAFE,ctv,DIGITAL,CTV,VIDEO,PROMO 2 - GENERAL,Univision Interactive,NON-SKIP,3421.975683,106852,1,11851.36715,16826163.53
4/21/2025,TROPICAL SMOOTHIE CAFE,nonbrand,SEM,COMPETITOR,SEM,Nonbrand Search,Google,PROSPECT,242.38,2868,277,432.3640792,16826163.53
4/21/2025,TROPICAL SMOOTHIE CAFE,nonbrand,SEM,NONBRAND,SEM,Nonbrand Search,Google,PROSPECT,2612.8,70783,9105,14211.82289,16826163.53
4/21/2025,TROPICAL SMOOTHIE CAFE,olv,DIGITAL,OLV,VIDEO,PROMO 2 - GENERAL,Sightly,BUMPER,17336.04738,2494434,502,91525.10673,16826163.53
4/21/2025,TROPICAL SMOOTHIE CAFE,olv,DIGITAL,OLV,VIDEO,PROMO 2 - GENERAL,Sightly,NON-SKIP,28834.07726,2305647,494,86008.88716,16826163.53
4/21/2025,TROPICAL SMOOTHIE CAFE,olv,DIGITAL,OLV,VIDEO,PROMO 2 - GENERAL,Sightly,SKIPPABLE,14510.81961,931022,124,27892.40943,16826163.53
4/21/2025,TROPICAL SMOOTHIE CAFE,olv,DIGITAL,OLV,VIDEO,PROMO 2 - GENERAL,Sightly,YOUTUBE SHORTS,5787.218486,1410993,1015,46724.85526,16826163.53
4/21/2025,TROPICAL SMOOTHIE CAFE,pmax,SEM,PMAX,SEM,PMAX Revenue,Google,PROSPECT,23003.76,1317570,24239,46151.55311,16826163.53
4/21/2025,TROPICAL SMOOTHIE CAFE,pmax,SEM,PMAX,SEM,PMAX Store Visits,Google,PROSPECT,2916.6,5250744,12134,23103.38485,16826163.53
4/21/2025,TROPICAL SMOOTHIE CAFE,social,SOCIAL,SOCIAL,SOCIAL,PROMO 1 - LENS,Snapchat,LENS,0,0,0,0,16826163.53
4/21/2025,TROPICAL SMOOTHIE CAFE,social,SOCIAL,SOCIAL,SOCIAL,PROMO 2 - PROSPECT,Meta,STANDARD,62047.07,22998020,11513,459583.9288,16826163.53
4/21/2025,TROPICAL SMOOTHIE CAFE,social,SOCIAL,SOCIAL,SOCIAL,PROMO 2 - PROSPECT,Snapchat,SNAP ADS,31576.14,3323636,5254,83030.05629,16826163.53
4/21/2025,TROPICAL SMOOTHIE CAFE,social,SOCIAL,SOCIAL,SOCIAL,PROMO 2 - PROSPECT,TikTok,IN-FEED,38259.88,15603116,21110,512121.6825,16826163.53
4/21/2025,TROPICAL SMOOTHIE CAFE,social,SOCIAL,SOCIAL,SOCIAL,PROMO 2 - RETARGETING,Meta,STANDARD,27402.92,2731407,11614,260726.9845,16826163.53
4/21/2025,TROPICAL SMOOTHIE CAFE,standard display,DIGITAL,STANDARD DISPLAY,DISPLAY,PROMO 2 - GENERAL,Hx,STANDARD DISPLAY,45229.49744,9971258,3247,151028.2356,16826163.53
4/21/2025,TROPICALSMOOTHIECAFE,social,SOCIAL,SOCIAL,SOCIAL,LITTLE ROCK PROMO,Meta,STANDARD,1853.63,84377,307,4236.249239,16826163.53
4/28/2025,TROPICAL SMOOTHIE CAFE,audio,DIGITAL,AUDIO,AUDIO,PROMO 2 - GENERAL,ArtsAI,STREAMING AUDIO,0.033294403,3,2,0.410960683,33563488.08
4/28/2025,TROPICAL SMOOTHIE CAFE,brand,SEM,BRAND,SEM,Brand Search,Google,GROW,12809.66,428917,120824,60500.84678,33563488.08
4/28/2025,TROPICAL SMOOTHIE CAFE,ctv,DIGITAL,CTV,VIDEO,PROMO 2 - GENERAL,Culture Genesis,NON-SKIP,22306.19136,785293,0,88118.84841,33563488.08
4/28/2025,TROPICAL SMOOTHIE CAFE,ctv,DIGITAL,CTV,VIDEO,PROMO 2 - GENERAL,Hx,NON-SKIP,174109.5467,7578125,1155,927828.8086,33563488.08
4/28/2025,TROPICAL SMOOTHIE CAFE,ctv,DIGITAL,CTV,VIDEO,PROMO 2 - GENERAL,Max,BUMPER,0,35256.36,0,0,33563488.08
4/28/2025,TROPICAL SMOOTHIE CAFE,ctv,DIGITAL,CTV,VIDEO,PROMO 2 - GENERAL,Max,NON-SKIP,14196.79699,586635.68,51,62578.40259,33563488.08
4/28/2025,TROPICAL SMOOTHIE CAFE,ctv,DIGITAL,CTV,VIDEO,PROMO 2 - GENERAL,Sightly,YOUTUBE SELECT,7474.559245,370327,150,30898.43062,33563488.08
4/28/2025,TROPICAL SMOOTHIE CAFE,ctv,DIGITAL,CTV,VIDEO,PROMO 2 - GENERAL,Sightly,YOUTUBE TV,7621.427196,306703,4,34644.12277,33563488.08
4/28/2025,TROPICAL SMOOTHIE CAFE,ctv,DIGITAL,CTV,VIDEO,PROMO 2 - GENERAL,Tv One,NON-SKIP,5951.949965,295932,0,9646.906804,33563488.08
4/28/2025,TROPICAL SMOOTHIE CAFE,ctv,DIGITAL,CTV,VIDEO,PROMO 2 - GENERAL,Univision Interactive,NON-SKIP,4963.137024,156946,0,10793.67092,33563488.08
4/28/2025,TROPICAL SMOOTHIE CAFE,nonbrand,SEM,COMPETITOR,SEM,Nonbrand Search,Google,PROSPECT,159.5,2910,270,502.6015978,33563488.08
4/28/2025,TROPICAL SMOOTHIE CAFE,nonbrand,SEM,NONBRAND,SEM,Nonbrand Search,Google,PROSPECT,2418.46,73822,7900,14705.75046,33563488.08
4/28/2025,TROPICAL SMOOTHIE CAFE,olv,DIGITAL,OLV,VIDEO,PROMO 2 - GENERAL,Sightly,BUMPER,14493.57495,2110814,509,81577.43647,33563488.08
4/28/2025,TROPICAL SMOOTHIE CAFE,olv,DIGITAL,OLV,VIDEO,PROMO 2 - GENERAL,Sightly,NON-SKIP,25156.84763,2052176,431,77468.79366,33563488.08
4/28/2025,TROPICAL SMOOTHIE CAFE,olv,DIGITAL,OLV,VIDEO,PROMO 2 - GENERAL,Sightly,SKIPPABLE,12542.60175,831831,123,25727.81208,33563488.08
4/28/2025,TROPICAL SMOOTHIE CAFE,olv,DIGITAL,OLV,VIDEO,PROMO 2 - GENERAL,Sightly,YOUTUBE SHORTS,6276.353185,1436654,1007,44373.60374,33563488.08
4/28/2025,TROPICAL SMOOTHIE CAFE,pmax,SEM,PMAX,SEM,PMAX Revenue,Google,PROSPECT,26455.46,1463861,28936,51313.80794,33563488.08
4/28/2025,TROPICAL SMOOTHIE CAFE,pmax,SEM,PMAX,SEM,PMAX Store Visits,Google,PROSPECT,2971.27,5735408,10483,18590.08324,33563488.08
4/28/2025,TROPICAL SMOOTHIE CAFE,social,SOCIAL,SOCIAL,SOCIAL,PROMO 1 - LENS,Snapchat,LENS,0,0,0,0,33563488.08
4/28/2025,TROPICAL SMOOTHIE CAFE,social,SOCIAL,SOCIAL,SOCIAL,PROMO 2 - PROSPECT,Meta,STANDARD,62022.47,22821077,11241,462477.4437,33563488.08
4/28/2025,TROPICAL SMOOTHIE CAFE,social,SOCIAL,SOCIAL,SOCIAL,PROMO 2 - PROSPECT,Snapchat,SNAP ADS,31569.85,3532314,5608,89888.17866,33563488.08
4/28/2025,TROPICAL SMOOTHIE CAFE,social,SOCIAL,SOCIAL,SOCIAL,PROMO 2 - PROSPECT,TikTok,IN-FEED,39465.42,16282999,20997,511718.0095,33563488.08
4/28/2025,TROPICAL SMOOTHIE CAFE,social,SOCIAL,SOCIAL,SOCIAL,PROMO 2 - RETARGETING,Meta,STANDARD,25677.54,2421381,10305,234866.8177,33563488.08
4/28/2025,TROPICAL SMOOTHIE CAFE,standard display,DIGITAL,STANDARD DISPLAY,DISPLAY,PROMO 2 - GENERAL,Hx,STANDARD DISPLAY,44651.94392,11234064,3202,177045.8638,33563488.08
4/28/2025,TROPICALSMOOTHIECAFE,social,SOCIAL,SOCIAL,SOCIAL,LITTLE ROCK PROMO,Meta,STANDARD,2407.67,100716,384,5447.276307,33563488.08
5/5/2025,TROPICAL SMOOTHIE CAFE,audio,DIGITAL,AUDIO,AUDIO,PROMO 2 - GENERAL,ArtsAI,STREAMING AUDIO,34041.33848,2933640,408,41920.30457,27449268.38
5/5/2025,TROPICAL SMOOTHIE CAFE,brand,SEM,BRAND,SEM,Brand Search,Google,GROW,10220.17,361328,101256,55346.36954,27449268.38
5/5/2025,TROPICAL SMOOTHIE CAFE,ctv,DIGITAL,CTV,VIDEO,PROMO 2 - GENERAL,Culture Genesis,NON-SKIP,24013.76923,845357,0,89590.30487,27449268.38
5/5/2025,TROPICAL SMOOTHIE CAFE,ctv,DIGITAL,CTV,VIDEO,PROMO 2 - GENERAL,Hx,NON-SKIP,162563.6258,6946003,1226,798496.2823,27449268.38
5/5/2025,TROPICAL SMOOTHIE CAFE,ctv,DIGITAL,CTV,VIDEO,PROMO 2 - GENERAL,Max,BUMPER,0,205248.42,0,0,27449268.38
5/5/2025,TROPICAL SMOOTHIE CAFE,ctv,DIGITAL,CTV,VIDEO,PROMO 2 - GENERAL,Max,NON-SKIP,13980.50575,614971.9,61,62616.86394,27449268.38
5/5/2025,TROPICAL SMOOTHIE CAFE,ctv,DIGITAL,CTV,VIDEO,PROMO 2 - GENERAL,Sightly,YOUTUBE SELECT,20017.42055,991763,227,73225.22143,27449268.38
5/5/2025,TROPICAL SMOOTHIE CAFE,ctv,DIGITAL,CTV,VIDEO,PROMO 2 - GENERAL,Sightly,YOUTUBE TV,20091.28286,808270,16,87000.329,27449268.38
5/5/2025,TROPICAL SMOOTHIE CAFE,ctv,DIGITAL,CTV,VIDEO,PROMO 2 - GENERAL,Tv One,NON-SKIP,5163.462178,276521,0,11206.03435,27449268.38
5/5/2025,TROPICAL SMOOTHIE CAFE,ctv,DIGITAL,CTV,VIDEO,PROMO 2 - GENERAL,Univision Interactive,NON-SKIP,5297.60031,167901,0,13135.76365,27449268.38
5/5/2025,TROPICAL SMOOTHIE CAFE,nonbrand,SEM,COMPETITOR,SEM,Nonbrand Search,Google,PROSPECT,126.55,2462,253,454.4546598,27449268.38
5/5/2025,TROPICAL SMOOTHIE CAFE,nonbrand,SEM,NONBRAND,SEM,Nonbrand Search,Google,PROSPECT,2281.49,70261,7997,14364.71903,27449268.38
5/5/2025,TROPICAL SMOOTHIE CAFE,olv,DIGITAL,OLV,VIDEO,PROMO 1 - GENERAL,Hx,SKIPPABLE,0,3,0,0.010921377,27449268.38
5/5/2025,TROPICAL SMOOTHIE CAFE,olv,DIGITAL,OLV,VIDEO,PROMO 2 - GENERAL,Sightly,BUMPER,13689.5362,1983706,429,75610.86149,27449268.38
5/5/2025,TROPICAL SMOOTHIE CAFE,olv,DIGITAL,OLV,VIDEO,PROMO 2 - GENERAL,Sightly,NON-SKIP,24355.66878,1865949,397,70262.68885,27449268.38
5/5/2025,TROPICAL SMOOTHIE CAFE,olv,DIGITAL,OLV,VIDEO,PROMO 2 - GENERAL,Sightly,SKIPPABLE,12161.64068,760497,141,23986.21121,27449268.38
5/5/2025,TROPICAL SMOOTHIE CAFE,olv,DIGITAL,OLV,VIDEO,PROMO 2 - GENERAL,Sightly,YOUTUBE SHORTS,9202.867124,1965777,1292,51946.84861,27449268.38
5/5/2025,TROPICAL SMOOTHIE CAFE,pmax,SEM,PMAX,SEM,PMAX Revenue,Google,PROSPECT,28779.83,1447339,28182,50446.32468,27449268.38
5/5/2025,TROPICAL SMOOTHIE CAFE,pmax,SEM,PMAX,SEM,PMAX Store Visits,Google,PROSPECT,3493.77,5728918,10905,19520.16076,27449268.38
5/5/2025,TROPICAL SMOOTHIE CAFE,social,SOCIAL,SOCIAL,SOCIAL,PROMO 1 - LENS,Snapchat,LENS,0,0,0,0,27449268.38
5/5/2025,TROPICAL SMOOTHIE CAFE,social,SOCIAL,SOCIAL,SOCIAL,PROMO 2 - PROSPECT,Meta,STANDARD,61087.95,21644325,10745,438773.0755,27449268.38
5/5/2025,TROPICAL SMOOTHIE CAFE,social,SOCIAL,SOCIAL,SOCIAL,PROMO 2 - PROSPECT,Snapchat,SNAP ADS,31291.75,3735684,6299,98019.70051,27449268.38
5/5/2025,TROPICAL SMOOTHIE CAFE,social,SOCIAL,SOCIAL,SOCIAL,PROMO 2 - PROSPECT,TikTok,IN-FEED,39631.99,16372304,21317,511522.2981,27449268.38
5/5/2025,TROPICAL SMOOTHIE CAFE,social,SOCIAL,SOCIAL,SOCIAL,PROMO 2 - RETARGETING,Meta,STANDARD,25617.41,2381003,10205,228948.762,27449268.38
5/5/2025,TROPICAL SMOOTHIE CAFE,standard display,DIGITAL,STANDARD DISPLAY,DISPLAY,PROMO 2 - GENERAL,Hx,STANDARD DISPLAY,43571.95085,11835933,6450,197880.9789,27449268.38
5/5/2025,TROPICALSMOOTHIECAFE,social,SOCIAL,SOCIAL,SOCIAL,LITTLE ROCK PROMO,Meta,STANDARD,2591.29,102949,374,5144.953089,27449268.38
5/12/2025,TROPICAL SMOOTHIE CAFE,audio,DIGITAL,AUDIO,AUDIO,PROMO 2 - GENERAL,ArtsAI,STREAMING AUDIO,34854.38958,3002719,544,57573.30004,38036686.4
5/12/2025,TROPICAL SMOOTHIE CAFE,brand,SEM,BRAND,SEM,Brand Search,Google,GROW,10403.49,400497,112414,57849.25741,38036686.4
5/12/2025,TROPICAL SMOOTHIE CAFE,ctv,DIGITAL,CTV,VIDEO,PROMO 2 - GENERAL,Culture Genesis,NON-SKIP,23535.79877,828531,0,80745.19678,38036686.4
5/12/2025,TROPICAL SMOOTHIE CAFE,ctv,DIGITAL,CTV,VIDEO,PROMO 2 - GENERAL,Hx,NON-SKIP,191331.4197,8161701,1270,871805.8391,38036686.4
5/12/2025,TROPICAL SMOOTHIE CAFE,ctv,DIGITAL,CTV,VIDEO,PROMO 2 - GENERAL,Max,BUMPER,0,433891.46,0,0,38036686.4
5/12/2025,TROPICAL SMOOTHIE CAFE,ctv,DIGITAL,CTV,VIDEO,PROMO 2 - GENERAL,Max,NON-SKIP,14656.59278,743572.26,77,44918.58045,38036686.4
5/12/2025,TROPICAL SMOOTHIE CAFE,ctv,DIGITAL,CTV,VIDEO,PROMO 2 - GENERAL,Sightly,YOUTUBE SELECT,19756.46583,978834,262,69278.72067,38036686.4
5/12/2025,TROPICAL SMOOTHIE CAFE,ctv,DIGITAL,CTV,VIDEO,PROMO 2 - GENERAL,Sightly,YOUTUBE TV,19934.68286,801970,13,79549.75652,38036686.4
5/12/2025,TROPICAL SMOOTHIE CAFE,ctv,DIGITAL,CTV,VIDEO,PROMO 2 - GENERAL,Tv One,NON-SKIP,4009.268607,214710,0,7296.074665,38036686.4
5/12/2025,TROPICAL SMOOTHIE CAFE,ctv,DIGITAL,CTV,VIDEO,PROMO 2 - GENERAL,Univision Interactive,NON-SKIP,4975.972881,157704,0,12777.53157,38036686.4
5/12/2025,TROPICAL SMOOTHIE CAFE,nonbrand,SEM,COMPETITOR,SEM,Nonbrand Search,Google,PROSPECT,86.86,1887,172,299.6914734,38036686.4
5/12/2025,TROPICAL SMOOTHIE CAFE,nonbrand,SEM,NONBRAND,SEM,Nonbrand Search,Google,PROSPECT,1632.76,56210,7090,12353.56131,38036686.4
5/12/2025,TROPICAL SMOOTHIE CAFE,olv,DIGITAL,OLV,VIDEO,PROMO 2 - GENERAL,Sightly,BUMPER,11313.36278,1465567,410,51907.20531,38036686.4
5/12/2025,TROPICAL SMOOTHIE CAFE,olv,DIGITAL,OLV,VIDEO,PROMO 2 - GENERAL,Sightly,NON-SKIP,20856.07592,1564291,425,54724.44165,38036686.4
5/12/2025,TROPICAL SMOOTHIE CAFE,olv,DIGITAL,OLV,VIDEO,PROMO 2 - GENERAL,Sightly,SKIPPABLE,10198.3053,633293,172,19328.63841,38036686.4
5/12/2025,TROPICAL SMOOTHIE CAFE,olv,DIGITAL,OLV,VIDEO,PROMO 2 - GENERAL,Sightly,YOUTUBE SHORTS,4656.882306,1026604,623,25170.27485,38036686.4
5/12/2025,TROPICAL SMOOTHIE CAFE,olv,DIGITAL,OLV,VIDEO,PROMO 2 - LILO & STITCH,Sightly,BUMPER,4534.205877,309473,93,11036.80771,38036686.4
5/12/2025,TROPICAL SMOOTHIE CAFE,olv,DIGITAL,OLV,VIDEO,PROMO 2 - LILO & STITCH,Sightly,NON-SKIP,18105.78981,967765,238,32863.73025,38036686.4
5/12/2025,TROPICAL SMOOTHIE CAFE,olv,DIGITAL,OLV,VIDEO,PROMO 2 - LILO & STITCH,Sightly,SKIPPABLE,13502.88446,772375,286,24913.37581,38036686.4
5/12/2025,TROPICAL SMOOTHIE CAFE,pmax,SEM,PMAX,SEM,PMAX Revenue,Google,PROSPECT,25588.59,1106094,24952,42017.43574,38036686.4
5/12/2025,TROPICAL SMOOTHIE CAFE,pmax,SEM,PMAX,SEM,PMAX Store Visits,Google,PROSPECT,3936.25,3615855,7375,12418.988,38036686.4
5/12/2025,TROPICAL SMOOTHIE CAFE,social,SOCIAL,SOCIAL,SOCIAL,PROMO 2 - PROSPECT,Meta,STANDARD,60855.37,21955901,10979,345947.3291,38036686.4
5/12/2025,TROPICAL SMOOTHIE CAFE,social,SOCIAL,SOCIAL,SOCIAL,PROMO 2 - PROSPECT,Snapchat,SNAP ADS,30576.66,3892494,6964,90553.08459,38036686.4
5/12/2025,TROPICAL SMOOTHIE CAFE,social,SOCIAL,SOCIAL,SOCIAL,PROMO 2 - PROSPECT,TikTok,IN-FEED,39249.41,15787041,20877,417781.3958,38036686.4
5/12/2025,TROPICAL SMOOTHIE CAFE,social,SOCIAL,SOCIAL,SOCIAL,PROMO 2 - RETARGETING,Meta,STANDARD,27457.67,2555158,10887,205175.6386,38036686.4
5/12/2025,TROPICAL SMOOTHIE CAFE,standard display,DIGITAL,STANDARD DISPLAY,DISPLAY,PROMO 2 - GENERAL,Hx,STANDARD DISPLAY,41380.00258,12384021,8965,216852.6238,38036686.4
5/12/2025,TROPICALSMOOTHIECAFE,social,SOCIAL,SOCIAL,SOCIAL,LITTLE ROCK PROMO,Meta,STANDARD,2239.6,87704,282,3508.174456,38036686.4
5/12/2025,TROPICALSMOOTHIECAFE,social,SOCIAL,SOCIAL,SOCIAL,PROMO 2 - LILO & STITCH,Meta,STANDARD,57708.46,19920799,9427,260261.1729,38036686.4
5/12/2025,TROPICALSMOOTHIECAFE,social,SOCIAL,SOCIAL,SOCIAL,PROMO 2 - LILO & STITCH,Snapchat,COMMERCIALS,37798.04,1899503,10791,314393.9489,38036686.4
5/19/2025,TROPICAL SMOOTHIE CAFE,audio,DIGITAL,AUDIO,AUDIO,PROMO 2 - GENERAL,ArtsAI,PODCAST,29883.31769,1040263,0,0,20923169.31
5/19/2025,TROPICAL SMOOTHIE CAFE,audio,DIGITAL,AUDIO,AUDIO,PROMO 2 - GENERAL,ArtsAI,STREAMING AUDIO,34287.44382,2953387,560,71151.65261,20923169.31
5/19/2025,TROPICAL SMOOTHIE CAFE,brand,SEM,BRAND,SEM,Brand LTO,Google,GROW,10.72,146,17,8.923320104,20923169.31
5/19/2025,TROPICAL SMOOTHIE CAFE,brand,SEM,BRAND,SEM,Brand Search,Google,GROW,9503.28,391598,109882,57677.19175,20923169.31
5/19/2025,TROPICAL SMOOTHIE CAFE,ctv,DIGITAL,CTV,VIDEO,PROMO 2 - GENERAL,Culture Genesis,NON-SKIP,22837.30739,803942,0,77601.86887,20923169.31
5/19/2025,TROPICAL SMOOTHIE CAFE,ctv,DIGITAL,CTV,VIDEO,PROMO 2 - GENERAL,Hx,NON-SKIP,207777.8099,9041085,12171,945192.6357,20923169.31
5/19/2025,TROPICAL SMOOTHIE CAFE,ctv,DIGITAL,CTV,VIDEO,PROMO 2 - GENERAL,Max,BUMPER,0,430754.06,0,0,20923169.31
5/19/2025,TROPICAL SMOOTHIE CAFE,ctv,DIGITAL,CTV,VIDEO,PROMO 2 - GENERAL,Max,NON-SKIP,14761.20155,731979.78,90,54806.07199,20923169.31
5/19/2025,TROPICAL SMOOTHIE CAFE,ctv,DIGITAL,CTV,VIDEO,PROMO 2 - GENERAL,Sightly,YOUTUBE SELECT,19193.44227,950939,267,60524.19997,20923169.31
5/19/2025,TROPICAL SMOOTHIE CAFE,ctv,DIGITAL,CTV,VIDEO,PROMO 2 - GENERAL,Sightly,YOUTUBE TV,10854.89057,436691,13,42622.21307,20923169.31
5/19/2025,TROPICAL SMOOTHIE CAFE,ctv,DIGITAL,CTV,VIDEO,PROMO 2 - GENERAL,Tv One,NON-SKIP,3668.692712,196471,0,6845.033204,20923169.31
5/19/2025,TROPICAL SMOOTHIE CAFE,ctv,DIGITAL,CTV,VIDEO,PROMO 2 - GENERAL,Univision Interactive,NON-SKIP,3977.404527,126059,0,11774.06741,20923169.31
5/19/2025,TROPICAL SMOOTHIE CAFE,nonbrand,SEM,COMPETITOR,SEM,Nonbrand Search,Google,PROSPECT,83.73,1954,189,369.0721994,20923169.31
5/19/2025,TROPICAL SMOOTHIE CAFE,nonbrand,SEM,NONBRAND,SEM,Nonbrand LTO,Google,PROSPECT,51.57,730,136,265.5757626,20923169.31
5/19/2025,TROPICAL SMOOTHIE CAFE,nonbrand,SEM,NONBRAND,SEM,Nonbrand Search,Google,PROSPECT,1117.24,44646,5049,9859.500185,20923169.31
5/19/2025,TROPICAL SMOOTHIE CAFE,olv,DIGITAL,OLV,VIDEO,PROMO 2 - GENERAL,Sightly,BUMPER,13991.74282,1612855,278,46510.33687,20923169.31
5/19/2025,TROPICAL SMOOTHIE CAFE,olv,DIGITAL,OLV,VIDEO,PROMO 2 - GENERAL,Sightly,NON-SKIP,24270.32119,1741058,550,56490.38711,20923169.31
5/19/2025,TROPICAL SMOOTHIE CAFE,olv,DIGITAL,OLV,VIDEO,PROMO 2 - GENERAL,Sightly,SKIPPABLE,12193.62859,713229,201,19608.82109,20923169.31
5/19/2025,TROPICAL SMOOTHIE CAFE,olv,DIGITAL,OLV,VIDEO,PROMO 2 - GENERAL,Sightly,YOUTUBE SHORTS,3599.221008,761291,866,28037.51067,20923169.31
5/19/2025,TROPICAL SMOOTHIE CAFE,olv,DIGITAL,OLV,VIDEO,PROMO 2 - LILO & STITCH,Sightly,BUMPER,6275.211377,463148,136,14654.678,20923169.31
5/19/2025,TROPICAL SMOOTHIE CAFE,olv,DIGITAL,OLV,VIDEO,PROMO 2 - LILO & STITCH,Sightly,NON-SKIP,25071.63774,1462142,349,43540.56326,20923169.31
5/19/2025,TROPICAL SMOOTHIE CAFE,olv,DIGITAL,OLV,VIDEO,PROMO 2 - LILO & STITCH,Sightly,SKIPPABLE,18856.69331,1024583,345,28770.98144,20923169.31
5/19/2025,TROPICAL SMOOTHIE CAFE,pmax,SEM,PMAX,SEM,PMAX Revenue,Google,PROSPECT,27826.19,1157069,26703,44795.85577,20923169.31
5/19/2025,TROPICAL SMOOTHIE CAFE,pmax,SEM,PMAX,SEM,PMAX Store Visits,Google,PROSPECT,6936.26,6305363,12860,21573.40767,20923169.31
5/19/2025,TROPICAL SMOOTHIE CAFE,social,SOCIAL,SOCIAL,SOCIAL,PROMO 2 - PROSPECT,Meta,STANDARD,49521.48,17284443,9657,297089.2658,20923169.31
5/19/2025,TROPICAL SMOOTHIE CAFE,social,SOCIAL,SOCIAL,SOCIAL,PROMO 2 - PROSPECT,Snapchat,SNAP ADS,28909.93,4763370,8796,120422.952,20923169.31
5/19/2025,TROPICAL SMOOTHIE CAFE,social,SOCIAL,SOCIAL,SOCIAL,PROMO 2 - PROSPECT,TikTok,IN-FEED,39419.46,16156970,22649,485163.5246,20923169.31
5/19/2025,TROPICAL SMOOTHIE CAFE,social,SOCIAL,SOCIAL,SOCIAL,PROMO 2 - RETARGETING,Meta,STANDARD,21437.99,1845441,8817,181418.8544,20923169.31
5/19/2025,TROPICAL SMOOTHIE CAFE,standard display,DIGITAL,STANDARD DISPLAY,DISPLAY,PROMO 2 - GENERAL,Hx,STANDARD DISPLAY,41545.55801,11432084,7786,216154.5327,20923169.31
5/19/2025,TROPICALSMOOTHIECAFE,social,SOCIAL,SOCIAL,SOCIAL,PROMO 2 - 1P,Meta,STANDARD,17473.46,5078772,4361,126242.1341,20923169.31
5/19/2025,TROPICALSMOOTHIECAFE,social,SOCIAL,SOCIAL,SOCIAL,PROMO 2 - LILO & STITCH,Meta,STANDARD,80578.9,26259398,13045,351304.2215,20923169.31
5/19/2025,TROPICALSMOOTHIECAFE,social,SOCIAL,SOCIAL,SOCIAL,PROMO 2 - LILO & STITCH,Snapchat,COMMERCIALS,40096.43,2047198,11540,345694.4435,20923169.31
5/26/2025,TROPICAL SMOOTHIE CAFE,audio,DIGITAL,AUDIO,AUDIO,PROMO 2 - GENERAL,ArtsAI,PODCAST,34779.199,1620548.9,0,0,39284720.98
5/26/2025,TROPICAL SMOOTHIE CAFE,audio,DIGITAL,AUDIO,AUDIO,PROMO 2 - GENERAL,ArtsAI,STREAMING AUDIO,33847.43136,2949563,520,76026.86894,39284720.98
5/26/2025,TROPICAL SMOOTHIE CAFE,brand,SEM,BRAND,SEM,Brand LTO,Google,GROW,1499.17,13229,2868,1402.000695,39284720.98
5/26/2025,TROPICAL SMOOTHIE CAFE,brand,SEM,BRAND,SEM,Brand Search,Google,GROW,17789.63,484507,137291,67113.69507,39284720.98
5/26/2025,TROPICAL SMOOTHIE CAFE,ctv,DIGITAL,CTV,VIDEO,PROMO 2 - GENERAL,Culture Genesis,NON-SKIP,21134.73457,744011,0,71296.55763,39284720.98
5/26/2025,TROPICAL SMOOTHIE CAFE,ctv,DIGITAL,CTV,VIDEO,PROMO 2 - GENERAL,Hx,NON-SKIP,201804.9884,8808653,3059,902039.4415,39284720.98
5/26/2025,TROPICAL SMOOTHIE CAFE,ctv,DIGITAL,CTV,VIDEO,PROMO 2 - GENERAL,Max,BUMPER,0,328442.58,0,0,39284720.98
5/26/2025,TROPICAL SMOOTHIE CAFE,ctv,DIGITAL,CTV,VIDEO,PROMO 2 - GENERAL,Max,NON-SKIP,13996.76841,632764.86,94,67050.12069,39284720.98
5/26/2025,TROPICAL SMOOTHIE CAFE,ctv,DIGITAL,CTV,VIDEO,PROMO 2 - GENERAL,Sightly,YOUTUBE SELECT,15627.95598,774287,156,51836.5765,39284720.98
5/26/2025,TROPICAL SMOOTHIE CAFE,ctv,DIGITAL,CTV,VIDEO,PROMO 2 - GENERAL,Sightly,YOUTUBE TV,23409.01543,941742,25,91830.06383,39284720.98
5/26/2025,TROPICAL SMOOTHIE CAFE,ctv,DIGITAL,CTV,VIDEO,PROMO 2 - GENERAL,Tv One,NON-SKIP,8647.730585,456255,1,17340.91848,39284720.98
5/26/2025,TROPICAL SMOOTHIE CAFE,ctv,DIGITAL,CTV,VIDEO,PROMO 2 - GENERAL,Univision Interactive,NON-SKIP,2146.401032,87912,0,7948.601866,39284720.98
5/26/2025,TROPICAL SMOOTHIE CAFE,ctv,DIGITAL,CTV,VIDEO,PROMO 2 - LILO & STITCH,Sightly,MASTHEAD,50001.077,3071853,1652,130331.4137,39284720.98
5/26/2025,TROPICAL SMOOTHIE CAFE,nonbrand,SEM,COMPETITOR,SEM,Nonbrand Search,Google,PROSPECT,147.29,1942,179,329.4866246,39284720.98
5/26/2025,TROPICAL SMOOTHIE CAFE,nonbrand,SEM,NONBRAND,SEM,Nonbrand LTO,Google,PROSPECT,593.88,3760,629,1157.804955,39284720.98
5/26/2025,TROPICAL SMOOTHIE CAFE,nonbrand,SEM,NONBRAND,SEM,Nonbrand Search,Google,PROSPECT,2123.38,51246,5272,9704.209415,39284720.98
5/26/2025,TROPICAL SMOOTHIE CAFE,olv,DIGITAL,OLV,VIDEO,PROMO 1 - GENERAL,Hx,SKIPPABLE,0,1,0,0.005013187,39284720.98
5/26/2025,TROPICAL SMOOTHIE CAFE,olv,DIGITAL,OLV,VIDEO,PROMO 2 - GENERAL,Sightly,BUMPER,13677.33054,1554916,224,45494.53939,39284720.98
5/26/2025,TROPICAL SMOOTHIE CAFE,olv,DIGITAL,OLV,VIDEO,PROMO 2 - GENERAL,Sightly,NON-SKIP,22342.95051,1642897,510,55572.06971,39284720.98
5/26/2025,TROPICAL SMOOTHIE CAFE,olv,DIGITAL,OLV,VIDEO,PROMO 2 - GENERAL,Sightly,SKIPPABLE,11366.01487,698478,203,20073.30752,39284720.98
5/26/2025,TROPICAL SMOOTHIE CAFE,olv,DIGITAL,OLV,VIDEO,PROMO 2 - GENERAL,Sightly,YOUTUBE SHORTS,3894.548613,891393,864,31702.17003,39284720.98
5/26/2025,TROPICAL SMOOTHIE CAFE,olv,DIGITAL,OLV,VIDEO,PROMO 2 - LILO & STITCH,Sightly,BUMPER,6353.710111,527412,100,16021.88127,39284720.98
5/26/2025,TROPICAL SMOOTHIE CAFE,olv,DIGITAL,OLV,VIDEO,PROMO 2 - LILO & STITCH,Sightly,NON-SKIP,25498.13119,1649618,276,48210.03627,39284720.98
5/26/2025,TROPICAL SMOOTHIE CAFE,olv,DIGITAL,OLV,VIDEO,PROMO 2 - LILO & STITCH,Sightly,SKIPPABLE,19184.70505,1123422,388,33382.43842,39284720.98
5/26/2025,TROPICAL SMOOTHIE CAFE,pmax,SEM,PMAX,SEM,PMAX Revenue,Google,PROSPECT,16497.17,685701,16323,34979.52025,39284720.98
5/26/2025,TROPICAL SMOOTHIE CAFE,pmax,SEM,PMAX,SEM,PMAX Store Visits,Google,PROSPECT,6571.05,6706583,16379,35099.52596,39284720.98
5/26/2025,TROPICAL SMOOTHIE CAFE,social,SOCIAL,SOCIAL,SOCIAL,PROMO 1 - IN-FEED,TikTok,IN-FEED,0,0,0,0,39284720.98
5/26/2025,TROPICAL SMOOTHIE CAFE,social,SOCIAL,SOCIAL,SOCIAL,PROMO 2 - PROSPECT,Meta,STANDARD,36273.35,13234866,7831,194306.5131,39284720.98
5/26/2025,TROPICAL SMOOTHIE CAFE,social,SOCIAL,SOCIAL,SOCIAL,PROMO 2 - PROSPECT,Snapchat,SNAP ADS,23555.89,4808368,8899,110546.6678,39284720.98
5/26/2025,TROPICAL SMOOTHIE CAFE,social,SOCIAL,SOCIAL,SOCIAL,PROMO 2 - PROSPECT,TikTok,IN-FEED,39457.95,17087424,23369,451940.8101,39284720.98
5/26/2025,TROPICAL SMOOTHIE CAFE,social,SOCIAL,SOCIAL,SOCIAL,PROMO 2 - RETARGETING,Meta,STANDARD,18859.27,1859763,8743,158477.2623,39284720.98
5/26/2025,TROPICAL SMOOTHIE CAFE,standard display,DIGITAL,STANDARD DISPLAY,DISPLAY,PROMO 2 - GENERAL,Hx,STANDARD DISPLAY,39824.71899,10986393,8266,211926.6355,39284720.98
5/26/2025,TROPICALSMOOTHIECAFE,social,SOCIAL,SOCIAL,SOCIAL,PROMO 2 - 1P,Meta,STANDARD,25099.6,7098647,6202,153810.7241,39284720.98
5/26/2025,TROPICALSMOOTHIECAFE,social,SOCIAL,SOCIAL,SOCIAL,PROMO 2 - LILO & STITCH,Meta,STANDARD,82604.34,27091282,14946,330312.4717,39284720.98
5/26/2025,TROPICALSMOOTHIECAFE,social,SOCIAL,SOCIAL,SOCIAL,PROMO 2 - LILO & STITCH,Snapchat,COMMERCIALS,37764.02,2574793,13842,396835.9408,39284720.98
5/26/2025,TROPICALSMOOTHIECAFE,social,SOCIAL,SOCIAL,SOCIAL,PROMO 2 - NFFD FIRST LENS,Snapchat,FIRST LENS,179310.35,7441332,7117,69316.64895,39284720.98
5/26/2025,TROPICALSMOOTHIECAFE,social,SOCIAL,SOCIAL,SOCIAL,PROMO 2 - NFFD MMM,Meta,MOMENT MAKER,247395.52,55783435,53034,1213596.799,39284720.98
6/2/2025,TROPICAL SMOOTHIE CAFE,audio,DIGITAL,AUDIO,AUDIO,PROMO 2 - GENERAL,ArtsAI,PODCAST,42875.98169,1008702,0,0,31436020.89
6/2/2025,TROPICAL SMOOTHIE CAFE,audio,DIGITAL,AUDIO,AUDIO,PROMO 2 - GENERAL,ArtsAI,STREAMING AUDIO,31283.35121,2957911,503,78510.03635,31436020.89
6/2/2025,TROPICAL SMOOTHIE CAFE,brand,SEM,BRAND,SEM,Brand Search,Google,GROW,14750.38,470787,132255,68978.25776,31436020.89
6/2/2025,TROPICAL SMOOTHIE CAFE,ctv,DIGITAL,CTV,VIDEO,PROMO 2 - GENERAL,Culture Genesis,NON-SKIP,24386.63706,858520,0,89723.16554,31436020.89
6/2/2025,TROPICAL SMOOTHIE CAFE,ctv,DIGITAL,CTV,VIDEO,PROMO 2 - GENERAL,Hx,NON-SKIP,185307.0135,8042955,17677,898535.6392,31436020.89
6/2/2025,TROPICAL SMOOTHIE CAFE,ctv,DIGITAL,CTV,VIDEO,PROMO 2 - GENERAL,Max,BUMPER,0,184984.84,0,0,31436020.89
6/2/2025,TROPICAL SMOOTHIE CAFE,ctv,DIGITAL,CTV,VIDEO,PROMO 2 - GENERAL,Max,NON-SKIP,15033.0656,602788.06,37,78058.59517,31436020.89
6/2/2025,TROPICAL SMOOTHIE CAFE,ctv,DIGITAL,CTV,VIDEO,PROMO 2 - GENERAL,Sightly,YOUTUBE TV,45765.57943,1841144,53,193744.0098,31436020.89
6/2/2025,TROPICAL SMOOTHIE CAFE,ctv,DIGITAL,CTV,VIDEO,PROMO 2 - GENERAL,Tv One,NON-SKIP,5973.946,271543,0,16258.66507,31436020.89
6/2/2025,TROPICAL SMOOTHIE CAFE,ctv,DIGITAL,CTV,VIDEO,PROMO 2 - GENERAL,Univision Interactive,NON-SKIP,1353.029693,207129,1,14815.3368,31436020.89
6/2/2025,TROPICAL SMOOTHIE CAFE,nonbrand,SEM,COMPETITOR,SEM,Nonbrand Search,Google,PROSPECT,87.96,1913,196,450.2407703,31436020.89
6/2/2025,TROPICAL SMOOTHIE CAFE,nonbrand,SEM,NONBRAND,SEM,Nonbrand Search,Google,PROSPECT,1293.62,37738,3706,8513.225993,31436020.89
6/2/2025,TROPICAL SMOOTHIE CAFE,olv,DIGITAL,OLV,VIDEO,PROMO 2 - GENERAL,Sightly,BUMPER,9205.791382,1119667,269,41420.48085,31436020.89
6/2/2025,TROPICAL SMOOTHIE CAFE,olv,DIGITAL,OLV,VIDEO,PROMO 2 - GENERAL,Sightly,NON-SKIP,15747.28559,1178637,401,42598.00971,31436020.89
6/2/2025,TROPICAL SMOOTHIE CAFE,olv,DIGITAL,OLV,VIDEO,PROMO 2 - GENERAL,Sightly,SKIPPABLE,7679.976077,475952,133,14206.97895,31436020.89
6/2/2025,TROPICAL SMOOTHIE CAFE,olv,DIGITAL,OLV,VIDEO,PROMO 2 - GENERAL,Sightly,YOUTUBE SHORTS,5287.613635,1216913,1204,40087.46395,31436020.89
6/2/2025,TROPICAL SMOOTHIE CAFE,olv,DIGITAL,OLV,VIDEO,PROMO 2 - LILO & STITCH,Sightly,BUMPER,6805.503453,548264,90,16645.74081,31436020.89
6/2/2025,TROPICAL SMOOTHIE CAFE,olv,DIGITAL,OLV,VIDEO,PROMO 2 - LILO & STITCH,Sightly,NON-SKIP,27866.38867,1754898,343,53865.08422,31436020.89
6/2/2025,TROPICAL SMOOTHIE CAFE,olv,DIGITAL,OLV,VIDEO,PROMO 2 - LILO & STITCH,Sightly,SKIPPABLE,19833.90119,1155815,438,36103.93514,31436020.89
6/2/2025,TROPICAL SMOOTHIE CAFE,pmax,SEM,PMAX,SEM,PMAX Revenue,Google,PROSPECT,29545.47,1242537,25004,55304.1561,31436020.89
6/2/2025,TROPICAL SMOOTHIE CAFE,pmax,SEM,PMAX,SEM,PMAX Store Visits,Google,PROSPECT,14211.04,13639443,28717,63516.61538,31436020.89
6/2/2025,TROPICAL SMOOTHIE CAFE,social,SOCIAL,SOCIAL,SOCIAL,PROMO 2 - PROSPECT,Meta,STANDARD,31862.17,11758491,6201,279633.5039,31436020.89
6/2/2025,TROPICAL SMOOTHIE CAFE,social,SOCIAL,SOCIAL,SOCIAL,PROMO 2 - PROSPECT,Snapchat,SNAP ADS,17978.15,3540032,6391,118728.8306,31436020.89
6/2/2025,TROPICAL SMOOTHIE CAFE,social,SOCIAL,SOCIAL,SOCIAL,PROMO 2 - PROSPECT,TikTok,IN-FEED,39542.82,16675474,20859,598905.492,31436020.89
6/2/2025,TROPICAL SMOOTHIE CAFE,social,SOCIAL,SOCIAL,SOCIAL,PROMO 2 - RETARGETING,Meta,STANDARD,18700.25,1901268,8642,250182.7101,31436020.89
6/2/2025,TROPICAL SMOOTHIE CAFE,standard display,DIGITAL,STANDARD DISPLAY,DISPLAY,PROMO 2 - GENERAL,Hx,STANDARD DISPLAY,37783.36854,11448284,7610,215778.7709,31436020.89
6/2/2025,TROPICALSMOOTHIECAFE,social,SOCIAL,SOCIAL,SOCIAL,PROMO 2 - 1P,Meta,STANDARD,25103.72,7440947,5866,241963.2105,31436020.89
6/2/2025,TROPICALSMOOTHIECAFE,social,SOCIAL,SOCIAL,SOCIAL,PROMO 2 - LILO & STITCH,Meta,STANDARD,63983.36,21700374,10887,366724.0739,31436020.89
6/2/2025,TROPICALSMOOTHIECAFE,social,SOCIAL,SOCIAL,SOCIAL,PROMO 2 - LILO & STITCH,Snapchat,COMMERCIALS,37520.51,2444325,12797,517790.6959,31436020.89
6/2/2025,TROPICALSMOOTHIECAFE,social,SOCIAL,SOCIAL,SOCIAL,PROMO 2 - NFFD FIRST LENS,Snapchat,FIRST LENS,0,0,0,0,31436020.89
6/9/2025,TROPICAL SMOOTHIE CAFE,audio,DIGITAL,AUDIO,AUDIO,PROMO 2 - GENERAL,ArtsAI,PODCAST,15274.05061,527677.5714,0,0,43416454.91
6/9/2025,TROPICAL SMOOTHIE CAFE,audio,DIGITAL,AUDIO,AUDIO,PROMO 2 - GENERAL,ArtsAI,STREAMING AUDIO,31682.65855,2995618,422,71618.35651,43416454.91
6/9/2025,TROPICAL SMOOTHIE CAFE,brand,SEM,BRAND,SEM,Brand Search,Google,GROW,18641.02,482174,134266,70320.03102,43416454.91
6/9/2025,TROPICAL SMOOTHIE CAFE,ctv,DIGITAL,CTV,VIDEO,PROMO 2 - GENERAL,Culture Genesis,NON-SKIP,23817.78975,838494,0,70058.2629,43416454.91
6/9/2025,TROPICAL SMOOTHIE CAFE,ctv,DIGITAL,CTV,VIDEO,PROMO 2 - GENERAL,Hx,NON-SKIP,312648.2516,12109561,26870,1087278.962,43416454.91
6/9/2025,TROPICAL SMOOTHIE CAFE,ctv,DIGITAL,CTV,VIDEO,PROMO 2 - GENERAL,Max,BUMPER,0,133273.92,0,0,43416454.91
6/9/2025,TROPICAL SMOOTHIE CAFE,ctv,DIGITAL,CTV,VIDEO,PROMO 2 - GENERAL,Max,NON-SKIP,14796.68512,576796.7,35,46202.53733,43416454.91
6/9/2025,TROPICAL SMOOTHIE CAFE,ctv,DIGITAL,CTV,VIDEO,PROMO 2 - GENERAL,Sightly,YOUTUBE TV,48134.96229,1936464,44,163306.6494,43416454.91
6/9/2025,TROPICAL SMOOTHIE CAFE,ctv,DIGITAL,CTV,VIDEO,PROMO 2 - GENERAL,Tv One,NON-SKIP,4977.72,226260,0,7769.266002,43416454.91
6/9/2025,TROPICAL SMOOTHIE CAFE,ctv,DIGITAL,CTV,VIDEO,PROMO 2 - GENERAL,Univision Interactive,NON-SKIP,2022.17769,247557,7,27872.51565,43416454.91
6/9/2025,TROPICAL SMOOTHIE CAFE,nonbrand,SEM,COMPETITOR,SEM,Nonbrand Search,Google,PROSPECT,37.6,876,97,220.1026906,43416454.91
6/9/2025,TROPICAL SMOOTHIE CAFE,nonbrand,SEM,NONBRAND,SEM,Nonbrand Search,Google,PROSPECT,1605.02,35018,3327,7549.295378,43416454.91
6/9/2025,TROPICAL SMOOTHIE CAFE,olv,DIGITAL,OLV,VIDEO,PROMO 2 - GENERAL,Sightly,BUMPER,10957.21042,1282136,222,39671.60315,43416454.91
6/9/2025,TROPICAL SMOOTHIE CAFE,olv,DIGITAL,OLV,VIDEO,PROMO 2 - GENERAL,Sightly,NON-SKIP,17444.8892,1280616,431,45670.81572,43416454.91
6/9/2025,TROPICAL SMOOTHIE CAFE,olv,DIGITAL,OLV,VIDEO,PROMO 2 - GENERAL,Sightly,SKIPPABLE,8295.539374,481987,116,13879.37371,43416454.91
6/9/2025,TROPICAL SMOOTHIE CAFE,olv,DIGITAL,OLV,VIDEO,PROMO 2 - GENERAL,Sightly,YOUTUBE SHORTS,6123.687456,1318153,909,37857.26615,43416454.91
6/9/2025,TROPICAL SMOOTHIE CAFE,olv,DIGITAL,OLV,VIDEO,PROMO 2 - LILO & STITCH,Sightly,BUMPER,7663.088404,1099306,105,31346.77499,43416454.91
6/9/2025,TROPICAL SMOOTHIE CAFE,olv,DIGITAL,OLV,VIDEO,PROMO 2 - LILO & STITCH,Sightly,NON-SKIP,28996.43565,1750489,296,52283.87892,43416454.91
6/9/2025,TROPICAL SMOOTHIE CAFE,olv,DIGITAL,OLV,VIDEO,PROMO 2 - LILO & STITCH,Sightly,SKIPPABLE,21260.6651,1043555,289,30180.35943,43416454.91
6/9/2025,TROPICAL SMOOTHIE CAFE,pmax,SEM,PMAX,SEM,PMAX Revenue,Google,PROSPECT,26429.04,957963,18933,54076.7531,43416454.91
6/9/2025,TROPICAL SMOOTHIE CAFE,pmax,SEM,PMAX,SEM,PMAX Store Visits,Google,PROSPECT,12966.66,12746492,26018,74313.04929,43416454.91
6/9/2025,TROPICAL SMOOTHIE CAFE,social,SOCIAL,SOCIAL,SOCIAL,PROMO 2 - PROSPECT,Meta,STANDARD,32169.93,11714354,6253,267672.4835,43416454.91
6/9/2025,TROPICAL SMOOTHIE CAFE,social,SOCIAL,SOCIAL,SOCIAL,PROMO 2 - PROSPECT,Snapchat,SNAP ADS,17485.1,3190983,5527,88784.35965,43416454.91
6/9/2025,TROPICAL SMOOTHIE CAFE,social,SOCIAL,SOCIAL,SOCIAL,PROMO 2 - PROSPECT,TikTok,IN-FEED,39299.23,16662550,21074,538379.1759,43416454.91
6/9/2025,TROPICAL SMOOTHIE CAFE,social,SOCIAL,SOCIAL,SOCIAL,PROMO 2 - RETARGETING,Meta,STANDARD,18693.74,1787889,8191,166561.337,43416454.91
6/9/2025,TROPICAL SMOOTHIE CAFE,standard display,DIGITAL,STANDARD DISPLAY,DISPLAY,PROMO 2 - GENERAL,Hx,STANDARD DISPLAY,35937.72026,10485010,7107,206719.5277,43416454.91
6/9/2025,TROPICALSMOOTHIECAFE,social,SOCIAL,SOCIAL,SOCIAL,PROMO 2 - 1P,Meta,STANDARD,25232.99,7693985,6132,210391.3206,43416454.91
6/9/2025,TROPICALSMOOTHIECAFE,social,SOCIAL,SOCIAL,SOCIAL,PROMO 2 - JUNE LOCAL HEAVY UP,Meta,STANDARD,35845.7,7948964,13141,207903.7343,43416454.91
6/9/2025,TROPICALSMOOTHIECAFE,social,SOCIAL,SOCIAL,SOCIAL,PROMO 2 - LILO & STITCH,Meta,STANDARD,65124.89,21739411,9781,322777.3305,43416454.91
6/9/2025,TROPICALSMOOTHIECAFE,social,SOCIAL,SOCIAL,SOCIAL,PROMO 2 - LILO & STITCH,Snapchat,COMMERCIALS,36821,1948104,10654,400980.3692,43416454.91
6/9/2025,TROPICALSMOOTHIECAFE,social,SOCIAL,SOCIAL,SOCIAL,PROMO 2 - NFFD FIRST LENS,Snapchat,FIRST LENS,0,0,0,0,43416454.91
6/16/2025,TROPICAL SMOOTHIE CAFE,audio,DIGITAL,AUDIO,AUDIO,PROMO 2 - GENERAL,ArtsAI,PODCAST,7299.253123,340706.5714,0,0,21632339.2
6/16/2025,TROPICAL SMOOTHIE CAFE,audio,DIGITAL,AUDIO,AUDIO,PROMO 2 - GENERAL,ArtsAI,STREAMING AUDIO,1.280119066,121,3,26357.54665,21632339.2
6/16/2025,TROPICAL SMOOTHIE CAFE,brand,SEM,BRAND,SEM,Brand Search,Google,GROW,25973.71,642360,178122,87164.68671,21632339.2
6/16/2025,TROPICAL SMOOTHIE CAFE,ctv,DIGITAL,CTV,VIDEO,PROMO 2 - GENERAL,Culture Genesis,NON-SKIP,23048.40005,811408,0,145185.5765,21632339.2
6/16/2025,TROPICAL SMOOTHIE CAFE,ctv,DIGITAL,CTV,VIDEO,PROMO 2 - GENERAL,Hx,NON-SKIP,70074.57115,2900605,25958,683321.3078,21632339.2
6/16/2025,TROPICAL SMOOTHIE CAFE,ctv,DIGITAL,CTV,VIDEO,PROMO 2 - GENERAL,Max,BUMPER,0,103277.9,0,0,21632339.2
6/16/2025,TROPICAL SMOOTHIE CAFE,ctv,DIGITAL,CTV,VIDEO,PROMO 2 - GENERAL,Max,NON-SKIP,12679.39176,489654.34,23,49768.17725,21632339.2
6/16/2025,TROPICAL SMOOTHIE CAFE,ctv,DIGITAL,CTV,VIDEO,PROMO 2 - GENERAL,Sightly,YOUTUBE TV,27307.68914,1098585,20,198503.8675,21632339.2
6/16/2025,TROPICAL SMOOTHIE CAFE,ctv,DIGITAL,CTV,VIDEO,PROMO 2 - GENERAL,Tv One,NON-SKIP,277.574,12617,0,1658.371634,21632339.2
6/16/2025,TROPICAL SMOOTHIE CAFE,ctv,DIGITAL,CTV,VIDEO,PROMO 2 - GENERAL,Univision Interactive,NON-SKIP,9964.408633,909824,0,63639.68124,21632339.2
6/16/2025,TROPICAL SMOOTHIE CAFE,nonbrand,SEM,COMPETITOR,SEM,Nonbrand Search,Google,PROSPECT,129.99,1326,145,263.9129015,21632339.2
6/16/2025,TROPICAL SMOOTHIE CAFE,nonbrand,SEM,NONBRAND,SEM,Nonbrand Search,Google,PROSPECT,2795.01,58850,5796,10549.2357,21632339.2
6/16/2025,TROPICAL SMOOTHIE CAFE,olv,DIGITAL,OLV,VIDEO,PROMO 2 - GENERAL,Sightly,BUMPER,9644.648244,1155714,174,58886.08103,21632339.2
6/16/2025,TROPICAL SMOOTHIE CAFE,olv,DIGITAL,OLV,VIDEO,PROMO 2 - GENERAL,Sightly,NON-SKIP,16390.87794,1034301,379,59719.14654,21632339.2
6/16/2025,TROPICAL SMOOTHIE CAFE,olv,DIGITAL,OLV,VIDEO,PROMO 2 - GENERAL,Sightly,SKIPPABLE,7602.306815,419255,196,22916.18171,21632339.2
6/16/2025,TROPICAL SMOOTHIE CAFE,olv,DIGITAL,OLV,VIDEO,PROMO 2 - GENERAL,Sightly,YOUTUBE SHORTS,5037.135251,951805,714,36370.75765,21632339.2
6/16/2025,TROPICAL SMOOTHIE CAFE,pmax,SEM,PMAX,SEM,PMAX Revenue,Google,PROSPECT,16868.07,671955,12689,40530.49485,21632339.2
6/16/2025,TROPICAL SMOOTHIE CAFE,pmax,SEM,PMAX,SEM,PMAX Store Visits,Google,PROSPECT,12830.91,12046841,26611,84999.36942,21632339.2
6/16/2025,TROPICAL SMOOTHIE CAFE,social,SOCIAL,SOCIAL,SOCIAL,PROMO 2 - PROSPECT,Meta,STANDARD,31682.75,11795396,6393,277229.1057,21632339.2
6/16/2025,TROPICAL SMOOTHIE CAFE,social,SOCIAL,SOCIAL,SOCIAL,PROMO 2 - PROSPECT,Snapchat,SNAP ADS,18081.78,3146733,6015,86607.43292,21632339.2
6/16/2025,TROPICAL SMOOTHIE CAFE,social,SOCIAL,SOCIAL,SOCIAL,PROMO 2 - PROSPECT,TikTok,IN-FEED,37050.43,15474904,20077,423354.3441,21632339.2
6/16/2025,TROPICAL SMOOTHIE CAFE,social,SOCIAL,SOCIAL,SOCIAL,PROMO 2 - RETARGETING,Meta,STANDARD,18398.4,1582388,8299,156143.703,21632339.2
6/16/2025,TROPICAL SMOOTHIE CAFE,standard display,DIGITAL,STANDARD DISPLAY,DISPLAY,PROMO 2 - GENERAL,Hx,STANDARD DISPLAY,32804.68488,9418969,6624,194259.194,21632339.2
6/16/2025,TROPICALSMOOTHIECAFE,social,SOCIAL,SOCIAL,SOCIAL,PROMO 2 - 1P,Meta,STANDARD,24336.72,6258202,5224,204828.934,21632339.2
6/16/2025,TROPICALSMOOTHIECAFE,social,SOCIAL,SOCIAL,SOCIAL,PROMO 2 - CREATOR LED PROGRAM,TikTok,CLP,45682.4,16011037,23376,682099.1621,21632339.2
6/16/2025,TROPICALSMOOTHIECAFE,social,SOCIAL,SOCIAL,SOCIAL,PROMO 2 - JUNE LOCAL HEAVY UP,Meta,STANDARD,59979.58,11244667,20418,275021.155,21632339.2
6/16/2025,TROPICALSMOOTHIECAFE,social,SOCIAL,SOCIAL,SOCIAL,PROMO 2 - LILO & STITCH,Snapchat,COMMERCIALS,0,2,1,16.87451722,21632339.2
6/16/2025,TROPICALSMOOTHIECAFE,social,SOCIAL,SOCIAL,SOCIAL,PROMO 2 - NFFD FIRST LENS,Snapchat,FIRST LENS,0,0,0,0,21632339.2
6/16/2025,TROPICALSMOOTHIECAFE,social,SOCIAL,SOCIAL,SOCIAL,PROMO 2 - NSD LENS,Snapchat,LENS,70689.65,7008753,2320,24426.75514,21632339.2
6/23/2025,TROPICAL SMOOTHIE CAFE,audio,DIGITAL,AUDIO,AUDIO,PROMO 2 - GENERAL,ArtsAI,PODCAST,2697.493334,31960,0,,33204165.25
6/23/2025,TROPICAL SMOOTHIE CAFE,audio,DIGITAL,AUDIO,AUDIO,PROMO 2 - GENERAL,ArtsAI,STREAMING AUDIO,0.073585871,7,0,,33204165.25
6/23/2025,TROPICAL SMOOTHIE CAFE,brand,SEM,BRAND,SEM,Brand Search,Google,GROW,23843.37,576584,157580,85443.33045,33204165.25
6/23/2025,TROPICAL SMOOTHIE CAFE,ctv,DIGITAL,CTV,VIDEO,PROMO 2 - GENERAL,Culture Genesis,NON-SKIP,24550.59326,864292,0,123937.8042,33204165.25
6/23/2025,TROPICAL SMOOTHIE CAFE,ctv,DIGITAL,CTV,VIDEO,PROMO 2 - GENERAL,Hx,NON-SKIP,75960.04057,3225580,2820,552792.5431,33204165.25
6/23/2025,TROPICAL SMOOTHIE CAFE,ctv,DIGITAL,CTV,VIDEO,PROMO 2 - GENERAL,Max,BUMPER,0,82495.06,0,0,33204165.25
6/23/2025,TROPICAL SMOOTHIE CAFE,ctv,DIGITAL,CTV,VIDEO,PROMO 2 - GENERAL,Max,NON-SKIP,12373.39488,471836.62,24,54614.53579,33204165.25
6/23/2025,TROPICAL SMOOTHIE CAFE,ctv,DIGITAL,CTV,VIDEO,PROMO 2 - GENERAL,Sightly,YOUTUBE TV,32787.26743,1319028,139,194934.9665,33204165.25
6/23/2025,TROPICAL SMOOTHIE CAFE,ctv,DIGITAL,CTV,VIDEO,PROMO 2 - GENERAL,Tv One,NON-SKIP,269.5,12250,0,1806.027727,33204165.25
6/23/2025,TROPICAL SMOOTHIE CAFE,ctv,DIGITAL,CTV,VIDEO,PROMO 2 - GENERAL,Univision Interactive,NON-SKIP,6276.750628,578936,1,42549.92335,33204165.25
6/23/2025,TROPICAL SMOOTHIE CAFE,nonbrand,SEM,COMPETITOR,SEM,Nonbrand Search,Google,PROSPECT,25.13,416,60,121.9683398,33204165.25
6/23/2025,TROPICAL SMOOTHIE CAFE,nonbrand,SEM,NONBRAND,SEM,Nonbrand Search,Google,PROSPECT,1905.29,46346,4778,9712.745462,33204165.25
6/23/2025,TROPICAL SMOOTHIE CAFE,olv,DIGITAL,OLV,VIDEO,PROMO 2 - GENERAL,Sightly,BUMPER,11936.69877,1798091,939,65894.6806,33204165.25
6/23/2025,TROPICAL SMOOTHIE CAFE,olv,DIGITAL,OLV,VIDEO,PROMO 2 - GENERAL,Sightly,NON-SKIP,29830.43634,2436900,841,80687.55649,33204165.25
6/23/2025,TROPICAL SMOOTHIE CAFE,olv,DIGITAL,OLV,VIDEO,PROMO 2 - GENERAL,Sightly,SKIPPABLE,14567.66952,932858,340,27963.85254,33204165.25
6/23/2025,TROPICAL SMOOTHIE CAFE,olv,DIGITAL,OLV,VIDEO,PROMO 2 - GENERAL,Sightly,YOUTUBE SHORTS,12306.40159,2774943,1854,47468.11655,33204165.25
6/23/2025,TROPICAL SMOOTHIE CAFE,pmax,SEM,PMAX,SEM,PMAX Revenue,Google,PROSPECT,10718.66,480667,10593,34994.2056,33204165.25
6/23/2025,TROPICAL SMOOTHIE CAFE,pmax,SEM,PMAX,SEM,PMAX Store Visits,Google,PROSPECT,7350.2,7946273,18881,62373.79362,33204165.25
6/23/2025,TROPICAL SMOOTHIE CAFE,social,SOCIAL,SOCIAL,SOCIAL,PROMO 2 - PROSPECT,Meta,STANDARD,31889.52,11709610,5855,292258.7633,33204165.25
6/23/2025,TROPICAL SMOOTHIE CAFE,social,SOCIAL,SOCIAL,SOCIAL,PROMO 2 - PROSPECT,Snapchat,SNAP ADS,16747.07,2875482,6862,80997.33148,33204165.25
6/23/2025,TROPICAL SMOOTHIE CAFE,social,SOCIAL,SOCIAL,SOCIAL,PROMO 2 - PROSPECT,TikTok,IN-FEED,36727.92,14934937,20310,350338.8688,33204165.25
6/23/2025,TROPICAL SMOOTHIE CAFE,social,SOCIAL,SOCIAL,SOCIAL,PROMO 2 - RETARGETING,Meta,STANDARD,18475.94,1873904,8301,143719.7254,33204165.25
6/23/2025,TROPICAL SMOOTHIE CAFE,standard display,DIGITAL,STANDARD DISPLAY,DISPLAY,PROMO 2 - GENERAL,Hx,STANDARD DISPLAY,27554.62473,7639583,5016,171208.1153,33204165.25
6/23/2025,TROPICAL SMOOTHIE CAFE,standard display,DIGITAL,STANDARD DISPLAY,DISPLAY,PROMO 3 & 4 - GENERAL,Hx,STANDARD DISPLAY,0,29,4,136.5295976,33204165.25
6/23/2025,TROPICALSMOOTHIECAFE,social,SOCIAL,SOCIAL,SOCIAL,PROMO 2 - 1P,Meta,STANDARD,25234.46,7283757,5486,183324.2144,33204165.25
6/23/2025,TROPICALSMOOTHIECAFE,social,SOCIAL,SOCIAL,SOCIAL,PROMO 2 - CREATOR LED PROGRAM,TikTok,CLP,64117.73,21697976,34378,795987.2569,33204165.25
6/23/2025,TROPICALSMOOTHIECAFE,social,SOCIAL,SOCIAL,SOCIAL,PROMO 2 - JUNE LOCAL HEAVY UP,Meta,STANDARD,66618.58,11967502,22429,249191.3224,33204165.25
6/23/2025,TROPICALSMOOTHIECAFE,social,SOCIAL,SOCIAL,SOCIAL,PROMO 2 - NFFD FIRST LENS,Snapchat,FIRST LENS,0,0,0,0,33204165.25
6/23/2025,TROPICALSMOOTHIECAFE,social,SOCIAL,SOCIAL,SOCIAL,PROMO 2 - NSD LENS,Snapchat,LENS,0,0,0,0,33204165.25
